GeographyName,ElectionName,DemCandidate,RepCandidate,DemEstimate,RepEstimate,DemChance,RepChance,Flip,DemLow95,DemHigh95,RepLow95,RepHigh95,DemIncumbent,RepIncumbent,DemParty,RepParty,DemConfirmed,RepConfirmed,Link,MapLink,MarginLink
Alabama,Alabama,Jones,Tuberville,0.4309,0.5691,0.1156,0.8844,0,0.33593164968913,0.525845251872818,0.474154748127182,0.66406835031087,0,0,D,R,1,1,https://seattally.com/#/gov/Alabama,https://datawrapper.dwcdn.net/kP4Fh/1/,https://datawrapper.dwcdn.net/o5MQ6/1/
Alaska,Alaska,Kreiss-Tomkins,Wilson,0.5585,0.4415,0.8884,0.1116,1,0.479486768461199,0.637600587316044,0.362399412683956,0.520513231538801,0,0,D,R,1,0,https://seattally.com/#/gov/Alaska,https://datawrapper.dwcdn.net/rEQzC/1/,https://datawrapper.dwcdn.net/4Mppn/1/
Arizona,Arizona,Hobbs,Biggs,0.5375,0.4625,0.7656,0.2344,0,0.452345522418564,0.622633738851761,0.377366261148239,0.547654477581436,1,0,D,R,1,1,https://seattally.com/#/gov/Arizona,https://datawrapper.dwcdn.net/p10Us/1/,https://datawrapper.dwcdn.net/SxVEl/1/
Arkansas,Arkansas,Love,Sanders,0.4468,0.5532,0.1627,0.8373,0,0.357863192593916,0.535773855462272,0.464226144537728,0.642136807406084,0,1,D,R,1,1,https://seattally.com/#/gov/Arkansas,https://datawrapper.dwcdn.net/do06B/1/,https://datawrapper.dwcdn.net/NMHSc/1/
California,California,Becerra,Hilton,0.6378,0.3622,0.9993,0.000700000000000034,0,0.567122529385192,0.708535757256367,0.291464242743633,0.432877470614808,0,0,D,R,1,1,https://seattally.com/#/gov/California,https://datawrapper.dwcdn.net/0NVex/1/,https://datawrapper.dwcdn.net/oyLCa/1/
Colorado,Colorado,Weiser,Marx,0.6072,0.3928,0.8591,0.1409,0,0.443363879178908,0.770948810402001,0.229051189597999,0.556636120821092,0,0,D,R,1,1,https://seattally.com/#/gov/Colorado,https://datawrapper.dwcdn.net/t1yUO/1/,https://datawrapper.dwcdn.net/0U0QD/1/
Connecticut,Connecticut,Lamont,Fazio,0.5917,0.4083,0.9762,0.0238,0,0.515539544985479,0.667854183582801,0.332145816417199,0.484460455014521,1,0,D,R,1,1,https://seattally.com/#/gov/Connecticut,https://datawrapper.dwcdn.net/nmwCA/1/,https://datawrapper.dwcdn.net/9HSPh/1/
Florida,Florida,Jolly,Donalds,0.4672,0.5328,0.2256,0.7744,0,0.395509592252615,0.538847294922796,0.461152705077204,0.604490407747385,0,0,D,R,1,1,https://seattally.com/#/gov/Florida,https://datawrapper.dwcdn.net/U9Kxt/1/,https://datawrapper.dwcdn.net/V8QyC/1/
Georgia,Georgia,Bottoms,Jackson,0.4877,0.5123,0.3862,0.6138,0,0.417602530491292,0.557760350891448,0.442239649108552,0.582397469508708,0,0,D,R,1,1,https://seattally.com/#/gov/Georgia,https://datawrapper.dwcdn.net/fieyc/2/,https://datawrapper.dwcdn.net/En2ny/1/
Hawaii,Hawaii,Green,Cordery,0.6535,0.3465,0.9585,0.0415,0,0.507882912729063,0.799193313956351,0.200806686043649,0.492117087270937,1,0,D,R,1,1,https://seattally.com/#/gov/Hawaii,https://datawrapper.dwcdn.net/ekMob/1/,https://datawrapper.dwcdn.net/1QT4W/1/
Idaho,Idaho,Pickens,Little,0.3545,0.6455,0.0017,0.9983,0,0.272709432391771,0.436370101752658,0.563629898247342,0.727290567608229,0,1,D,R,1,1,https://seattally.com/#/gov/Idaho,https://datawrapper.dwcdn.net/GJMh6/1/,https://datawrapper.dwcdn.net/teQum/1/
Illinois,Illinois,Pritzker,Bailey,0.6075,0.3925,0.9363,0.0637,0,0.491492063164694,0.723546826203656,0.276453173796344,0.508507936835306,1,0,D,R,1,1,https://seattally.com/#/gov/Illinois,https://datawrapper.dwcdn.net/FhiTk/1/,https://datawrapper.dwcdn.net/TXnKK/1/
Iowa,Iowa,Sand,Lahn,0.529,0.471,0.7438,0.2562,1,0.456117979903143,0.60194520315409,0.39805479684591,0.543882020096857,0,0,D,R,1,1,https://seattally.com/#/gov/Iowa,https://datawrapper.dwcdn.net/2eE5m/1/,https://datawrapper.dwcdn.net/fJvUy/1/
Kansas,Kansas,Holscher,Masterson,0.4599,0.5401,0.1853,0.8147,1,0.386208343725435,0.533571868319029,0.466428131680971,0.613791656274565,0,0,D,R,1,1,https://seattally.com/#/gov/Kansas,https://datawrapper.dwcdn.net/xClF3/1/,https://datawrapper.dwcdn.net/BpGMT/1/
Maine,Maine,Pingree,Charles,0.5575,0.4425,0.9031,0.0969,0,0.484703005718433,0.630356465160058,0.369643534839942,0.515296994281567,0,0,D,R,1,1,https://seattally.com/#/gov/Maine,https://datawrapper.dwcdn.net/o6NiB/2/,https://datawrapper.dwcdn.net/CMnGm/1/
Maryland,Maryland,Moore,Cox,0.6664,0.3336,0.9985,0.00149999999999995,0,0.574067980402874,0.758647306280246,0.241352693719754,0.425932019597126,1,0,D,R,1,1,https://seattally.com/#/gov/Maryland,https://datawrapper.dwcdn.net/xz4G0/1/,https://datawrapper.dwcdn.net/fUTzp/1/
Massachusetts,Massachusetts,Healey,Minogue,0.628,0.372,0.9966,0.00339999999999996,0,0.550168068745832,0.705827357431846,0.294172642568154,0.449831931254168,1,0,D,R,1,1,https://seattally.com/#/gov/Massachusetts,https://datawrapper.dwcdn.net/fW0aT/1/,https://datawrapper.dwcdn.net/wTa28/1/
Michigan,Michigan,Benson,James,0.541,0.459,0.8336,0.1664,0,0.471367687789733,0.610632189020577,0.389367810979423,0.528632312210267,0,0,D,R,1,1,https://seattally.com/#/gov/Michigan,https://datawrapper.dwcdn.net/LZtsH/1/,https://datawrapper.dwcdn.net/tE4PB/1/
Minnesota,Minnesota,Klohuchar,Demuth,0.5501,0.4499,0.8704,0.1296,0,0.477032330845726,0.623244558638852,0.376755441361148,0.522967669154274,0,0,D,R,1,1,https://seattally.com/#/gov/Minnesota,https://datawrapper.dwcdn.net/zjD4d/1/,https://datawrapper.dwcdn.net/rjwp6/1/
Nebraska,Nebraska,Walz,Pillen,0.4265,0.5735,0.0626,0.9374,0,0.347698906534943,0.505359369005674,0.494640630994326,0.652301093465057,0,1,D,R,1,1,https://seattally.com/#/gov/Nebraska,https://datawrapper.dwcdn.net/RkqL8/1/,https://datawrapper.dwcdn.net/k7j5H/1/
Nevada,Nevada,Ford,Lombardo,0.5204,0.4796,0.6565,0.3435,1,0.437215133864791,0.603527268777781,0.396472731222219,0.562784866135209,0,1,D,R,1,1,https://seattally.com/#/gov/Nevada,https://datawrapper.dwcdn.net/GGCAB/1/,https://datawrapper.dwcdn.net/JckNh/1/
New Hampshire,New Hampshire,Warmington,Ayotte,0.461,0.539,0.204,0.796,0,0.383407922614587,0.53854608126618,0.46145391873382,0.616592077385413,0,1,D,R,1,1,https://seattally.com/#/gov/New Hampshire,https://datawrapper.dwcdn.net/pbdle/1/,https://datawrapper.dwcdn.net/XNH6Q/1/
New Mexico,New Mexico,Haaland,Hull,0.5655,0.4345,0.8994,0.1006,0,0.481199224517428,0.649838204990506,0.350161795009494,0.518800775482572,0,0,D,R,1,1,https://seattally.com/#/gov/New Mexico,https://datawrapper.dwcdn.net/eDjXu/1/,https://datawrapper.dwcdn.net/mrAmc/1/
New York,New York,Hochul,Blakeman,0.5868,0.4132,0.9712,0.0288,0,0.511627858893613,0.662048400293754,0.337951599706246,0.488372141106387,1,0,D,R,1,1,https://seattally.com/#/gov/New York,https://datawrapper.dwcdn.net/bkr72/1/,https://datawrapper.dwcdn.net/U4V0s/1/
Ohio,Ohio,Acton,Ramaswamy,0.5101,0.4899,0.5851,0.4149,1,0.43289114983242,0.587290991741528,0.412709008258472,0.56710885016758,0,0,D,R,1,1,https://seattally.com/#/gov/Ohio,https://datawrapper.dwcdn.net/bv1kh/1/,https://datawrapper.dwcdn.net/1mQet/1/
Oklahoma,Oklahoma,Munson,Mazzei,0.3704,0.6296,0.0972,0.9028,0,0.206042753026004,0.53470591914009,0.46529408085991,0.793957246973996,0,0,D,R,1,1,https://seattally.com/#/gov/Oklahoma,https://datawrapper.dwcdn.net/J07qO/1/,https://datawrapper.dwcdn.net/sRLd0/1/
Oregon,Oregon,Kotek,Drazan,0.5175,0.4825,0.6375,0.3625,0,0.435857170291581,0.599046090257996,0.400953909742004,0.564142829708419,1,0,D,R,1,1,https://seattally.com/#/gov/Oregon,https://datawrapper.dwcdn.net/u9ZJL/1/,https://datawrapper.dwcdn.net/2hBU7/1/
Pennsylvania,Pennsylvania,Shapiro,Garrity,0.6092,0.3908,0.9899,0.0101,0,0.531891899465658,0.686437080176525,0.313562919823475,0.468108100534342,1,0,D,R,1,1,https://seattally.com/#/gov/Pennsylvania,https://datawrapper.dwcdn.net/pCTtk/1/,https://datawrapper.dwcdn.net/RVD8I/1/
Rhode Island,Rhode Island,Foulkes,Block,0.646,0.354,0.9991,0.000900000000000012,0,0.56929063749582,0.722762797888486,0.277237202111514,0.43070936250418,0,0,D,I,1,0,https://seattally.com/#/gov/Rhode Island,https://datawrapper.dwcdn.net/vDu9y/1/,https://datawrapper.dwcdn.net/4IslT/1/
South Carolina,South Carolina,Johnson,Wilson,0.4365,0.5635,0.1152,0.8848,0,0.349298859564074,0.523612493328981,0.476387506671019,0.650701140435926,0,0,D,R,1,1,https://seattally.com/#/gov/South Carolina,https://datawrapper.dwcdn.net/vAmcR/1/,https://datawrapper.dwcdn.net/wKbq4/1/
South Dakota,South Dakota,Ahlers,Rhoden,0.3981,0.6019,0.1551,0.8449,0,0.233003906613707,0.563238070466722,0.436761929533278,0.766996093386293,0,1,D,R,1,1,https://seattally.com/#/gov/South Dakota,https://datawrapper.dwcdn.net/O8gjP/1/,https://datawrapper.dwcdn.net/e1Is5/1/
Tennessee,Tennessee,Green,Blackburn,0.4095,0.5905,0.0268,0.9732,0,0.332347832008647,0.486631938110367,0.513368061889633,0.667652167991353,0,0,D,R,1,1,https://seattally.com/#/gov/Tennessee,https://datawrapper.dwcdn.net/ryL8C/1/,https://datawrapper.dwcdn.net/SrpNI/1/
Texas,Texas,Hinojosa,Abbott,0.4736,0.5264,0.2802,0.7198,0,0.398982885602635,0.54820460992043,0.45179539007957,0.601017114397365,0,1,D,R,1,1,https://seattally.com/#/gov/Texas,https://datawrapper.dwcdn.net/LP1BW/2/,https://datawrapper.dwcdn.net/aa28E/1/
Vermont,Vermont,Janoo,Scott,0.4936,0.5064,0.4478,0.5522,0,0.413849571628363,0.573418601396458,0.426581398603542,0.586150428371637,0,1,D,R,1,1,https://seattally.com/#/gov/Vermont,https://datawrapper.dwcdn.net/SczHN/1/,https://datawrapper.dwcdn.net/Jve6k/1/
Wisconsin,Wisconsin,Crowley,Tiffany,0.5254,0.4746,0.6933,0.3067,0,0.442770546930189,0.607984794664566,0.392015205335434,0.557229453069811,0,0,D,R,1,1,https://seattally.com/#/gov/Wisconsin,https://datawrapper.dwcdn.net/9yZ3x/1/,https://datawrapper.dwcdn.net/MJI6N/1/
Wyoming,Wyoming,Casner,Barlow,0.3187,0.6813,0.0355,0.9645,0,0.153561159814533,0.483937891118687,0.516062108881313,0.846438840185467,0,0,D,R,1,1,https://seattally.com/#/gov/Wyoming,https://datawrapper.dwcdn.net/f6c7R/1/,https://datawrapper.dwcdn.net/iTr0A/1/
