ElectionName,GeographyName,DemCandidate,RepCandidate,DemEstimate,RepEstimate,DemChance,RepChance,Flip,DemLow95,DemHigh95,RepLow95,RepHigh95,DemIncumbent,RepIncumbent,DemParty,RepParty,DemConfirmed,RepConfirmed
Alabama-01,AL-01,Jones,TBD,0.2593,0.7407,0,1,0,0.197334050039548,0.321220023794742,0.678779976205258,0.802665949960452,0,0,D,R,1,1
Alabama-02,AL-02,Figures,Harris,0.584,0.416,0.997,0.003,0,0.522868785870814,0.64520960937213,0.35479039062787,0.477131214129186,1,0,D,R,1,1
Alabama-03,AL-03,TBD,Rogers,0.2916,0.7084,0,1,0,0.222658628940063,0.360469970571167,0.639530029428833,0.777341371059937,0,1,D,R,1,0
Alabama-04,AL-04,TBD,Aderholt,0.1921,0.8079,0,1,0,0.123195433524695,0.261013400985687,0.738986599014313,0.876804566475305,0,1,D,R,1,0
Alabama-05,AL-05,TBD,Strong,0.3804,0.6196,0.0003,0.9997,0,0.311555651981391,0.449247959918411,0.550752040081589,0.688444348018609,0,1,D,R,1,1
Alabama-06,AL-06,TBD,Palmer,0.3278,0.6722,0,1,0,0.264736917126755,0.390863868408788,0.609136131591212,0.735263082873245,0,1,D,R,1,0
Alabama-07,AL-07,Sewell,N/A,1,0,1,0,0,1,1,0,0,1,0,D,,1,1
Alaska-00,AK-AL,TBD,Begich,0.4933,0.5067,0.416,0.584,0,0.430190569528847,0.556423338156418,0.443576661843582,0.569809430471153,0,1,D,R,1,0
Arizona-01,AZ-01,TBD,TBD,0.5206,0.4794,0.7431,0.2569,1,0.457589143449204,0.583517805094097,0.416482194905903,0.542410856550796,0,0,D,R,1,1
Arizona-02,AZ-02,TBD,Craine,0.4744,0.5256,0.2096,0.7904,0,0.411007566597544,0.537782083979902,0.462217916020098,0.588992433402456,0,1,D,R,1,0
Arizona-03,AZ-03,Ansari,TBD,0.7589,0.2411,1,0,0,0.695441313279788,0.822336023920384,0.177663976079616,0.304558686720212,1,0,D,R,0,1
Arizona-04,AZ-04,Stanton,TBD,0.5686,0.4314,0.9841,0.0159,0,0.504728185608283,0.632563608585321,0.367436391414679,0.495271814391717,1,0,D,R,0,1
Arizona-05,AZ-05,TBD,TBD,0.4345,0.5655,0.0189,0.9811,0,0.371470449869004,0.4976008178321,0.5023991821679,0.628529550130996,0,0,D,R,1,1
Arizona-06,AZ-06,TBD,Ciscomani,0.5168,0.4832,0.7016,0.2984,1,0.45323810093575,0.580396893537406,0.419603106462594,0.54676189906425,0,1,D,R,1,0
Arizona-07,AZ-07,Grijalva,TBD,0.6962,0.3038,1,0,0,0.633317466054631,0.758988019706644,0.241011980293356,0.366682533945369,1,0,D,R,0,1
Arizona-08,AZ-08,TBD,Hamadeh,0.4522,0.5478,0.0671,0.9329,0,0.388330875597639,0.516025614812362,0.483974385187638,0.611669124402362,0,1,D,R,1,0
Arizona-09,AZ-09,TBD,Gosar,0.3724,0.6276,0,1,0,0.308611492665965,0.43621407504185,0.56378592495815,0.691388507334035,0,1,D,R,1,0
Arkansas-01,AR-01,Green,Crawford,0.2819,0.7181,0,1,0,0.218966193397782,0.344910371068899,0.655089628931101,0.781033806602218,0,1,D,R,1,1
Arkansas-02,AR-02,Jones,French Hill,0.4415,0.5585,0.0315,0.9685,0,0.378521627713242,0.504423865753381,0.495576134246619,0.621478372286758,0,1,D,R,1,1
Arkansas-03,AR-03,Ryerse,Womack,0.3706,0.6294,0,1,0,0.308593756947929,0.432556407412687,0.567443592587313,0.691406243052071,0,1,D,R,1,1
Arkansas-04,AR-04,Russell,Westerman,0.3067,0.6933,0,1,0,0.243860754304506,0.369629054940371,0.630370945059629,0.756139245695494,0,1,D,R,1,1
California-01,CA-01,TBD,Gallagher,0.6005,0.3995,0.9993,0.000700000000000034,1,0.537985895459027,0.663106673465291,0.336893326534709,0.462014104540973,0,0,D,R,1,0
California-02,CA-02,Huffman,Littau,0.6514,0.3486,1,0,0,0.589225122499134,0.713554291363702,0.286445708636298,0.410774877500866,1,0,D,R,0,0
California-03,CA-03,Bera,Tucker,0.5888,0.4112,0.9976,0.00239999999999996,1,0.525823841501743,0.651703896933914,0.348296103066086,0.474176158498257,1,0,D,R,0,0
California-04,CA-04,Thompson,Riehle,0.6123,0.3877,0.9998,0.000199999999999978,0,0.549666164840686,0.674929312336177,0.325070687663823,0.450333835159314,1,0,D,R,0,0
California-05,CA-05,TBD,McClintock,0.4017,0.5983,0.001,0.999,0,0.338208339573584,0.465214955620256,0.534785044379744,0.661791660426416,0,1,D,R,1,0
California-06,CA-06,TBD,TBD,0.5773,0.4227,0.9928,0.00719999999999998,0,0.514188735342318,0.640444231210009,0.359555768789991,0.485811264657682,0,0,D,R,1,1
California-07,CA-07,Matsui,N/A,1,0,1,0,0,1,1,0,0,1,0,D,,0,1
California-08,CA-08,Garamendi,N/A,1,0,1,0,0,1,1,0,0,1,0,D,,0,1
California-09,CA-09,Harder,TBD,0.6122,0.3878,0.9998,0.000199999999999978,0,0.548928676465621,0.675451451655367,0.324548548344633,0.451071323534379,1,0,D,R,0,1
California-10,CA-10,DeSaulnier,Griffiths,0.6999,0.3001,1,0,0,0.636873655718127,0.763005790097508,0.236994209902492,0.363126344281873,1,0,D,R,1,1
California-11,CA-11,TBD,Ganezer,0.8872,0.1128,1,0,0,0.824106196153487,0.950380208006588,0.0496197919934125,0.175893803846513,0,0,D,R,1,0
California-12,CA-12,Simon,N/A,1,0,1,0,0,1,1,0,0,1,0,D,,0,1
California-13,CA-13,Gray,TBD,0.5657,0.4343,0.9814,0.0185999999999999,0,0.502627068432651,0.628721297703518,0.371278702296482,0.497372931567349,1,0,D,R,0,1
California-14,CA-14,TBD,Huang,0.7164,0.2836,1,0,0,0.653342609225483,0.77936343543067,0.22063656456933,0.346657390774517,0,0,D,R,1,0
California-15,CA-15,Mullin,Hoelter,0.7681,0.2319,1,0,0,0.704785682464054,0.831457620609349,0.168542379390651,0.295214317535946,1,0,D,R,0,0
California-16,CA-16,Liccardo,N/A,1,0,1,0,0,1,1,0,0,1,0,D,,0,1
California-17,CA-17,Khanna,N/A,1,0,1,0,0,1,1,0,0,1,0,D,,0,1
California-18,CA-18,Lofgren,N/A,1,0,1,0,0,1,1,0,0,1,0,D,,0,1
California-19,CA-19,Panetta,Verbica,0.7236,0.2764,1,0,0,0.660892141589076,0.786253399859165,0.213746600140835,0.339107858410924,1,0,D,R,1,1
California-20,CA-20,Van Scotter,Fong,0.3618,0.6382,0,1,0,0.293412895813227,0.430196257506787,0.569803742493213,0.706587104186773,0,1,D,R,0,0
California-21,CA-21,Costa,TBD,0.5699,0.4301,0.9864,0.0135999999999999,0,0.506633415454731,0.633110002047966,0.366889997952034,0.493366584545269,1,0,D,R,0,1
California-22,CA-22,TBD,Valadao,0.5147,0.4853,0.6803,0.3197,1,0.452045380798899,0.577289589253461,0.422710410746539,0.547954619201101,0,1,D,R,1,0
California-23,CA-23,TBD,Obernolte,0.4174,0.5826,0.0043,0.9957,0,0.354540638949582,0.480222948271727,0.519777051728273,0.645459361050418,0,1,D,R,1,0
California-24,CA-24,Carbajal,Smith,0.6618,0.3382,1,0,0,0.598747096309655,0.724790250534696,0.275209749465304,0.401252903690345,1,0,D,R,0,0
California-25,CA-25,Ruiz,Males,0.602,0.398,0.9995,0.000499999999999945,0,0.539755212409095,0.664274397731179,0.335725602268821,0.460244787590905,1,0,D,R,1,1
California-26,CA-26,TBD,TBD,0.6161,0.3839,0.9999,9.9999999999989e-05,0,0.553587492406323,0.67861154587392,0.32138845412608,0.446412507593677,0,0,D,R,1,1
California-27,CA-27,Whitesides,TBD,0.5871,0.4129,0.9971,0.00290000000000001,0,0.523869186211539,0.650369780742431,0.349630219257569,0.476130813788461,1,0,D,R,0,1
California-28,CA-28,Chu,Verlato,0.6711,0.3289,1,0,0,0.608129329554535,0.734107689887208,0.265892310112792,0.391870670445465,1,0,D,R,0,0
California-29,CA-29,Rivas,Melendez,0.7245,0.2755,1,0,0,0.661028810242604,0.788003948821666,0.211996051178334,0.338971189757396,1,0,D,R,1,1
California-30,CA-30,Friedman,Meyers,0.7216,0.2784,1,0,0,0.657665354709886,0.785492090739337,0.214507909260663,0.342334645290114,1,0,D,R,0,0
California-31,CA-31,Cisneros,TBD,0.6083,0.3917,0.9997,0.000299999999999967,0,0.545361530540298,0.671167635732875,0.328832364267125,0.454638469459702,1,0,D,R,0,1
California-32,CA-32,Sherman,Thompson,0.6624,0.3376,1,0,0,0.598980598910427,0.725866650447438,0.274133349552562,0.401019401089573,1,0,D,R,0,0
California-33,CA-33,Aguilar,N/A,1,0,1,0,0,1,1,0,0,1,0,D,,1,1
California-34,CA-34,Gomez,Lee,0.8113,0.1887,1,0,0,0.741950467334499,0.880739055186763,0.119260944813237,0.258049532665501,1,0,D,R,0,0
California-35,CA-35,Torres,Cargile,0.5978,0.4022,0.999,0.001,0,0.534766707771558,0.660919204161416,0.339080795838584,0.465233292228442,1,0,D,R,1,1
California-36,CA-36,Lieu,TBD,0.7242,0.2758,1,0,0,0.660668624094532,0.787814454694584,0.212185545305416,0.339331375905468,1,0,D,R,0,1
California-37,CA-37,Kamlager-Dove,Fedalizo,0.8582,0.1418,1,0,0,0.789033068128102,0.927407496039489,0.072592503960511,0.210966931871898,1,0,D,R,0,0
California-38,CA-38,TBD,Casas,0.6,0.4,0.9993,0.000700000000000034,0,0.537192331866406,0.662776251564961,0.337223748435039,0.462807668133594,0,0,D,R,1,0
California-39,CA-39,Takano,N/A,1,0,1,0,0,1,1,0,0,1,0,D,,1,1
California-40,CA-40,TBD,TBD,0.4343,0.5657,0.0189,0.9811,0,0.371021833219372,0.497530778505417,0.502469221494583,0.628978166780628,0,1,D,R,1,1
California-41,CA-41,S&#225;nchez,TBD,0.7026,0.2974,1,0,1,0.639570120759804,0.765607728670414,0.234392271329586,0.360429879240196,1,0,D,R,0,1
California-42,CA-42,Garcia,TBD,0.6099,0.3901,0.9997,0.000299999999999967,0,0.546221966124025,0.673630393499352,0.326369606500648,0.453778033875975,1,0,D,R,0,1
California-43,CA-43,Waters,Morales,0.7854,0.2146,1,0,0,0.722316891676776,0.848459498063856,0.151540501936144,0.277683108323224,1,0,D,R,0,0
California-44,CA-44,Barrag&#225;n,Genevieve,0.7446,0.2554,1,0,0,0.68144889129061,0.807819996750129,0.192180003249871,0.31855110870939,1,0,D,R,1,1
California-45,CA-45,Tran,TBD,0.5551,0.4449,0.9593,0.0407,0,0.491881909480512,0.618325154184112,0.381674845815888,0.508118090519488,1,0,D,R,0,1
California-46,CA-46,Correa,Pan,0.6491,0.3509,1,0,0,0.585644169487687,0.712537913503831,0.287462086496169,0.414355830512313,1,0,D,R,0,0
California-47,CA-47,Min,TBD,0.5843,0.4157,0.9962,0.00380000000000003,0,0.521068306489156,0.647610688705934,0.352389311294066,0.478931693510844,1,0,D,R,0,1
California-48,CA-48,TBD,TBD,0.5541,0.4459,0.9576,0.0424,1,0.491332550498091,0.616936360869704,0.383063639130296,0.508667449501909,0,0,D,R,1,1
California-49,CA-49,Levin,TBD,0.5837,0.4163,0.996,0.004,0,0.520652672904477,0.646840519906327,0.353159480093673,0.479347327095523,1,0,D,R,0,1
California-50,CA-50,Peters,TBD,0.6201,0.3799,0.9999,9.9999999999989e-05,0,0.556612282361479,0.683614672197131,0.316385327802869,0.443387717638521,1,0,D,R,0,1
California-51,CA-51,Jacobs,N/A,1,0,1,0,0,1,1,0,0,1,0,D,,1,1
California-52,CA-52,Vargas,N/A,1,0,1,0,0,1,1,0,0,1,0,D,,0,1
Colorado-01,CO-01,DeGette,N/A,1,0,1,0,0,1,1,0,0,1,0,D,,0,1
Colorado-02,CO-02,Neguse,N/A,1,0,1,0,0,1,1,0,0,1,0,D,,1,1
Colorado-03,CO-03,TBD,Hurd,0.494,0.506,0.4242,0.5758,0,0.431362521866296,0.556662071961481,0.443337928038519,0.568637478133704,0,1,D,R,1,0
Colorado-04,CO-04,TBD,Boebert,0.4568,0.5432,0.0828,0.9172,0,0.394376671629725,0.519123661598431,0.480876338401569,0.605623328370275,0,1,D,R,1,1
Colorado-05,CO-05,TBD,Crank,0.4579,0.5421,0.0868,0.9132,0,0.396143061404329,0.519748102343112,0.480251897656888,0.603856938595671,0,1,D,R,1,1
Colorado-06,CO-06,Crow,N/A,1,0,1,0,0,1,1,0,0,1,0,D,,1,1
Colorado-07,CO-07,Pettersen,N/A,1,0,1,0,0,1,1,0,0,1,0,D,,1,1
Colorado-08,CO-08,TBD,Evans,0.515,0.485,0.6855,0.3145,1,0.452780993590361,0.57730677950402,0.42269322049598,0.547219006409639,0,1,D,R,1,1
Connecticut-01,CT-01,Larson,TBD,0.6715,0.3285,1,0,0,0.60917585630076,0.733866869121688,0.266133130878312,0.39082414369924,1,0,D,R,0,1
Connecticut-02,CT-02,Courtney,TBD,0.605,0.395,0.9996,0.000399999999999956,0,0.541971637396435,0.668030109561423,0.331969890438577,0.458028362603565,1,0,D,R,0,1
Connecticut-03,CT-03,DeLauro,TBD,0.6186,0.3814,0.9999,9.9999999999989e-05,0,0.55577480422746,0.681333771607129,0.318666228392871,0.44422519577254,1,0,D,R,0,1
Connecticut-04,CT-04,Himes,TBD,0.6544,0.3456,1,0,0,0.591290504018145,0.717605700569646,0.282394299430354,0.408709495981855,1,0,D,R,0,1
Connecticut-05,CT-05,Hayes,TBD,0.5679,0.4321,0.9849,0.0151,0,0.505269854119941,0.630588675693816,0.369411324306184,0.494730145880059,1,0,D,R,0,1
Delaware-00,DE-AL,McBride,TBD,0.6161,0.3839,0.9999,9.9999999999989e-05,0,0.555035923357874,0.677108731857966,0.322891268142034,0.444964076642126,1,0,D,R,0,1
Florida-01,FL-01,TBD,Patronis,0.3981,0.6019,0.0006,0.9994,0,0.334821077258082,0.461382927910103,0.538617072089897,0.665178922741918,0,1,D,R,1,0
Florida-02,FL-02,TBD,TBD,0.4466,0.5534,0.0434,0.9566,0,0.384337178241761,0.508938162950941,0.491061837049059,0.615662821758239,0,0,D,R,1,1
Florida-03,FL-03,TBD,Cammack,0.4138,0.5862,0.0033,0.9967,0,0.350394054247806,0.477166202014442,0.522833797985558,0.649605945752194,0,1,D,R,1,0
Florida-04,FL-04,TBD,Bean,0.4574,0.5426,0.0903,0.9097,0,0.393800172447897,0.521028125667502,0.478971874332498,0.606199827552103,0,1,D,R,1,0
Florida-05,FL-05,TBD,Rutherford,0.4013,0.5987,0.0009,0.9991,0,0.337946816548336,0.464633655294399,0.535366344705601,0.662053183451664,0,1,D,R,1,0
Florida-06,FL-06,TBD,Fine,0.4105,0.5895,0.0025,0.9975,0,0.34662281238076,0.474305053780792,0.525694946219208,0.65337718761924,0,1,D,R,1,0
Florida-07,FL-07,TBD,Mills,0.4613,0.5387,0.1119,0.8881,0,0.39771248904252,0.524908088474089,0.475091911525911,0.60228751095748,0,1,D,R,1,0
Florida-08,FL-08,TBD,Haridopolos,0.4025,0.5975,0.0011,0.9989,0,0.338544767131671,0.466396362742163,0.533603637257837,0.661455232868329,0,1,D,R,1,0
Florida-09,FL-09,Soto,TBD,0.5888,0.4112,0.9979,0.00209999999999999,0,0.526684664969131,0.650853433003086,0.349146566996914,0.473315335030869,1,0,D,R,0,1
Florida-10,FL-10,Frost,TBD,0.6564,0.3436,1,0,0,0.593262913076505,0.719514722971177,0.280485277028823,0.406737086923495,1,0,D,R,0,1
Florida-11,FL-11,TBD,Webster,0.4287,0.5713,0.0127,0.9873,0,0.364859428485996,0.492467715145407,0.507532284854593,0.635140571514004,0,1,D,R,1,0
Florida-12,FL-12,TBD,Bilirakis,0.3248,0.6752,0,1,0,0.260889754985326,0.38865510180356,0.61134489819644,0.739110245014674,0,1,D,R,1,0
Florida-13,FL-13,TBD,Luna,0.4736,0.5264,0.2042,0.7958,0,0.40979703571071,0.537446692114064,0.462553307885936,0.59020296428929,0,1,D,R,1,0
Florida-14,FL-14,Castor,TBD,0.602,0.398,0.9994,0.000600000000000045,0,0.538698884861009,0.665367440009477,0.334632559990523,0.461301115138991,1,0,D,R,0,1
Florida-15,FL-15,TBD,Lee,0.4655,0.5345,0.1381,0.8619,0,0.402053255431282,0.528885352918926,0.471114647081074,0.597946744568718,0,1,D,R,1,0
Florida-16,FL-16,TBD,TBD,0.458,0.542,0.0903,0.9097,0,0.395187690872642,0.520758555879264,0.479241444120736,0.604812309127359,0,0,D,R,1,1
Florida-17,FL-17,TBD,Steube,0.392,0.608,0.0004,0.9996,0,0.328109348238165,0.455935686265401,0.544064313734599,0.671890651761835,0,1,D,R,1,0
Florida-18,FL-18,TBD,Franklin,0.3755,0.6245,0,1,0,0.311804285480008,0.439145402812944,0.560854597187056,0.688195714519992,0,1,D,R,1,0
Florida-19,FL-19,TBD,TBD,0.3892,0.6108,0.0002,0.9998,0,0.326406119926924,0.451927394472077,0.548072605527923,0.673593880073076,0,0,D,R,1,1
Florida-20,FL-20,Cherfils-McCormick,TBD,0.7474,0.2526,1,0,0,0.6796410126731,0.815177640269299,0.184822359730701,0.3203589873269,1,0,D,R,0,1
Florida-21,FL-21,TBD,Mast,0.4174,0.5826,0.0048,0.9952,0,0.353445168306895,0.481263168871498,0.518736831128503,0.646554831693105,0,1,D,R,1,0
Florida-22,FL-22,Frankel,TBD,0.5779,0.4221,0.9939,0.00609999999999999,0,0.515676923766248,0.640079574489427,0.359920425510573,0.484323076233752,1,0,D,R,0,1
Florida-23,FL-23,Moskowitz,TBD,0.5541,0.4459,0.9575,0.0425,0,0.491304574002564,0.616827776072946,0.383172223927054,0.508695425997436,1,0,D,R,0,1
Florida-24,FL-24,Wilson,TBD,0.709,0.291,1,0,0,0.646786719697701,0.771146460838662,0.228853539161338,0.353213280302299,1,0,D,R,0,1
Florida-25,FL-25,Wasserman Shultz,TBD,0.5757,0.4243,0.9925,0.00749999999999995,0,0.513426867199685,0.637991704351594,0.362008295648406,0.486573132800315,1,0,D,R,0,1
Florida-26,FL-26,TBD,D&#237;az-Balart,0.3275,0.6725,0,1,0,0.264479974145417,0.390551159257331,0.609448840742669,0.735520025854583,0,1,D,R,1,0
Florida-27,FL-27,TBD,Salazar,0.432,0.568,0.0153,0.9847,0,0.368999792042508,0.494920353301295,0.505079646698705,0.631000207957492,0,1,D,R,1,0
Florida-28,FL-28,TBD,Gim&#233;nez,0.3874,0.6126,0.0002,0.9998,0,0.324721230933842,0.450175330420587,0.549824669579413,0.675278769066158,0,1,D,R,1,0
Georgia-01,GA-01,TBD,TBD,0.459,0.541,0.0928,0.9072,0,0.397112888528093,0.520944010809317,0.479055989190683,0.602887111471907,0,0,D,R,1,1
Georgia-02,GA-02,Bishop,Day,0.5925,0.4075,0.9988,0.00119999999999998,0,0.531548861982664,0.653478690228916,0.346521309771084,0.468451138017336,1,0,D,R,1,1
Georgia-03,GA-03,TBD,Jack,0.366,0.634,0,1,0,0.302846240064037,0.429184492909462,0.570815507090538,0.697153759935963,0,1,D,R,1,1
Georgia-04,GA-04,Johnson,Duffie,0.7937,0.2063,1,0,0,0.731840453450905,0.855604413613064,0.144395586386936,0.268159546549095,1,0,D,R,0,1
Georgia-05,GA-05,Williams,Salvensen,0.8932,0.1068,1,0,0,0.830717781665275,0.95566685864244,0.0443331413575599,0.169282218334725,1,0,D,R,0,1
Georgia-06,GA-06,McBath,TBD,0.7549,0.2451,1,0,0,0.693008831189347,0.816871824394488,0.183128175605512,0.306991168810653,1,0,D,R,1,1
Georgia-07,GA-07,TBD,McCormick,0.3822,0.6178,0.0001,0.9999,0,0.319279647023314,0.445042678424112,0.554957321575888,0.680720352976686,0,1,D,R,1,1
Georgia-08,GA-08,TBD,Scott,0.3493,0.6507,0,1,0,0.286322552482959,0.412275763560173,0.587724236439827,0.713677447517041,0,1,D,R,1,1
Georgia-09,GA-09,TBD,Clyde,0.344,0.656,0,1,0,0.280789660460086,0.407139109976145,0.592860890023855,0.719210339539914,0,1,D,R,1,0
Georgia-10,GA-10,TBD,TBD,0.4343,0.5657,0.017,0.983,0,0.37238254830232,0.496301985052552,0.503698014947448,0.62761745169768,0,0,D,R,1,1
Georgia-11,GA-11,TBD,TBD,0.4201,0.5799,0.0054,0.9946,0,0.357350762335866,0.48286809714675,0.51713190285325,0.642649237664134,0,0,D,R,1,1
Georgia-12,GA-12,TBD,Allen,0.4339,0.5661,0.018,0.982,0,0.370779302316136,0.496927110014878,0.503072889985122,0.629220697683864,0,1,D,R,1,0
Georgia-13,GA-13,Scott,TBD,0.7527,0.2473,1,0,0,0.691078479600866,0.814243459085287,0.185756540914713,0.308921520399134,1,0,D,R,0,1
Georgia-14,GA-14,TBD,TBD,0.377,0.623,0,1,0,0.320691638950473,0.433226367835974,0.566773632164026,0.679308361049527,0,0,D,R,1,1
Hawaii-01,HI-01,Case,TBD,0.7269,0.2731,1,0,0,0.663931848121511,0.789856984118716,0.210143015881284,0.336068151878489,1,0,D,R,0,1
Hawaii-02,HI-02,Tokuda,TBD,0.7012,0.2988,1,0,0,0.638431717822071,0.763872241526262,0.236127758473738,0.361568282177929,1,0,D,R,0,1
Idaho-01,ID-01,TBD,Fulcher,0.3012,0.6988,0,1,0,0.238071636384311,0.364388020489362,0.635611979510638,0.761928363615689,0,1,D,R,1,0
Idaho-02,ID-02,TBD,Simpson,0.3698,0.6302,0,1,0,0.307548871446935,0.432138665380393,0.567861334619607,0.692451128553065,0,1,D,R,1,0
Illinois-01,IL-01,Jackson,Maxwell,0.6938,0.3062,1,0,0,0.631799844200795,0.755899632179137,0.244100367820863,0.368200155799205,1,0,D,R,1,1
Illinois-02,IL-02,Miller,Noack,0.705,0.295,1,0,0,0.642694842273493,0.767354776485773,0.232645223514227,0.357305157726507,0,0,D,R,1,1
Illinois-03,IL-03,Ramirez,Oakley,0.7034,0.2966,1,0,0,0.639747309299532,0.767031232175372,0.232968767824628,0.360252690700468,1,0,D,R,1,1
Illinois-04,IL-04,Garcia,Castillo,0.6803,0.3197,1,0,0,0.61751154289639,0.743174002479772,0.256825997520228,0.38248845710361,0,0,D,R,1,1
Illinois-05,IL-05,Quigley,Hanson,0.723,0.277,1,0,0,0.659327299993419,0.786650798117114,0.213349201882886,0.340672700006581,1,0,D,R,1,1
Illinois-06,IL-06,Casten,Conforti,0.5716,0.4284,0.988,0.012,0,0.508164534311826,0.63499248778064,0.36500751221936,0.491835465688174,1,0,D,R,1,1
Illinois-07,IL-07,Ford,Koppie,0.8663,0.1337,1,0,0,0.803285101150586,0.929355979136425,0.0706440208635748,0.196714898849414,0,0,D,R,1,1
Illinois-08,IL-08,Bean,Davis,0.5704,0.4296,0.9873,0.0127,0,0.507378906703467,0.633386804559365,0.366613195440635,0.492621093296533,0,0,D,R,1,1
Illinois-09,IL-09,Biss,Elleson,0.7195,0.2805,1,0,0,0.656295738025318,0.782635167761507,0.217364832238493,0.343704261974682,0,0,D,R,1,1
Illinois-10,IL-10,Shneider,Lambrecht,0.6381,0.3619,1,0,0,0.574767367016336,0.701433745308283,0.298566254691717,0.425232632983664,1,0,D,R,1,1
Illinois-11,IL-11,Foster,Walter,0.5922,0.4078,0.9982,0.00180000000000002,0,0.528954546165688,0.655355658345369,0.344644341654631,0.471045453834312,1,0,D,R,1,1
Illinois-12,IL-12,Fortier,Bost,0.2923,0.7077,0,1,0,0.229174624471056,0.355464432361909,0.644535567638091,0.770825375528944,0,1,D,R,1,1
Illinois-13,IL-13,Budzinski,Wilson,0.6073,0.3927,0.9997,0.000299999999999967,0,0.544250172797702,0.670347216780107,0.329652783219893,0.455749827202298,1,0,D,R,1,1
Illinois-14,IL-14,Underwood,Marter,0.5801,0.4199,0.9943,0.00570000000000004,0,0.516840353077653,0.643457288789418,0.356542711210582,0.483159646922347,1,0,D,R,1,1
Illinois-15,IL-15,Todd,Miller,0.325,0.675,0,1,0,0.255921203425093,0.39415100566962,0.60584899433038,0.744078796574907,0,1,D,R,1,1
Illinois-16,IL-16,Nolley,LaHood,0.4118,0.5882,0.0054,0.9946,0,0.342582972138747,0.48102685222193,0.51897314777807,0.657417027861253,0,1,D,R,1,1
Illinois-17,IL-17,Sorensen,Vancil,0.572,0.428,0.9888,0.0112,0,0.508932282142221,0.635061349896356,0.364938650103644,0.491067717857779,1,0,D,R,1,1
Indiana-01,IN-01,Mrvan,TBD,0.5662,0.4338,0.9825,0.0175,0,0.503423158149616,0.628951824791683,0.371048175208317,0.496576841850384,1,0,D,R,0,1
Indiana-02,IN-02,TBD,Yakym,0.3847,0.6153,0.0001,0.9999,0,0.321603201950442,0.44772893374052,0.55227106625948,0.678396798049558,0,1,D,R,1,1
Indiana-03,IN-03,Thompson,Stutzman,0.3526,0.6474,0,1,0,0.289545743095925,0.415584669850695,0.584415330149305,0.710454256904075,0,1,D,R,1,0
Indiana-04,IN-04,TBD,Baird,0.3573,0.6427,0,1,0,0.294782210161671,0.419793041807275,0.580206958192725,0.705217789838329,0,1,D,R,1,0
Indiana-05,IN-05,TBD,Spartz,0.4315,0.5685,0.0143,0.9857,0,0.368863750700998,0.494104448178937,0.505895551821063,0.631136249299002,0,1,D,R,1,0
Indiana-06,IN-06,TBD,Shreve,0.3545,0.6455,0,1,0,0.291653826350135,0.417266894447976,0.582733105552024,0.708346173649865,0,1,D,R,1,0
Indiana-07,IN-07,Carson,TBD,0.7387,0.2613,1,0,0,0.675589343235069,0.801804160057177,0.198195839942823,0.324410656764931,1,0,D,R,0,1
Indiana-08,IN-08,TBD,Messmer,0.3293,0.6707,0,1,0,0.266315570186505,0.392376984188591,0.607623015811409,0.733684429813495,0,1,D,R,1,1
Indiana-09,IN-09,TBD,Houchin,0.3669,0.6331,0,1,0,0.304075872630628,0.429665264835023,0.570334735164977,0.695924127369372,0,1,D,R,1,1
Iowa-01,IA-01,TBD,Miller-Meeks,0.5161,0.4839,0.6961,0.3039,1,0.453377553364474,0.578810303493796,0.421189696506204,0.546622446635526,0,1,D,R,1,0
Iowa-02,IA-02,TBD,Mitchell,0.4869,0.5131,0.3381,0.6619,0,0.424168563248072,0.54962859042089,0.45037140957911,0.575831436751928,0,0,D,R,1,1
Iowa-03,IA-03,Garriott,Nunn,0.5077,0.4923,0.5978,0.4022,1,0.445456330008423,0.569954096021798,0.430045903978202,0.554543669991577,0,1,D,R,1,1
Iowa-04,IA-04,TBD,McGowan,0.3792,0.6208,0.0001,0.9999,0,0.316686476477537,0.441623167618497,0.558376832381503,0.683313523522463,0,0,D,R,1,1
Kansas-01,KS-01,TBD,Mann,0.347,0.653,0,1,0,0.28478795728093,0.409216702891644,0.590783297108356,0.71521204271907,0,1,D,R,1,0
Kansas-02,KS-02,TBD,Schmidt,0.4261,0.5739,0.0093,0.9907,0,0.363284078794704,0.488866666816242,0.511133333183758,0.636715921205296,0,1,D,R,1,0
Kansas-03,KS-03,Davids,TBD,0.5824,0.4176,0.9954,0.00460000000000005,0,0.519065676878493,0.645792688822735,0.354207311177265,0.480934323121507,1,0,D,R,0,1
Kansas-04,KS-04,TBD,Estes,0.3854,0.6146,0.0001,0.9999,0,0.322999088065065,0.447882200300519,0.552117799699481,0.677000911934935,0,1,D,R,1,0
Kentucky-01,KY-01,Williams,Comer,0.2824,0.7176,0,1,0,0.2193316486929,0.345385495474013,0.654614504525987,0.7806683513071,0,1,D,R,1,0
Kentucky-02,KY-02,TBD,Guthrie,0.3017,0.6983,0,1,0,0.238784580587591,0.364600905964024,0.635399094035976,0.761215419412409,0,1,D,R,1,0
Kentucky-03,KY-03,McGarvey,TBD,0.6457,0.3543,1,0,0,0.582759826275351,0.708714191087945,0.291285808912055,0.417240173724649,1,0,D,R,1,1
Kentucky-04,KY-04,TBD,Massie,0.3447,0.6553,0,1,0,0.275971354918139,0.413370793754429,0.586629206245571,0.724028645081861,0,1,D,R,1,0
Kentucky-05,KY-05,Pillersdorf,Rogers,0.2023,0.7977,0,1,0,0.133378611410553,0.271233295802241,0.728766704197759,0.866621388589447,0,1,D,R,1,0
Kentucky-06,KY-06,TBD,TBD,0.4596,0.5404,0.0988,0.9012,0,0.396841500490183,0.522317195614857,0.477682804385143,0.603158499509817,0,0,D,R,1,1
Louisiana-01,LA-01,TBD,Scalise,0.2879,0.7121,0,1,0,0.224307298564152,0.35139339499125,0.64860660500875,0.775692701435848,0,1,D,R,1,0
Louisiana-02,LA-02,Carter,N/A,1,0,1,0,0,1,1,0,0,1,0,D,,0,1
Louisiana-03,LA-03,TBD,Higgins,0.2859,0.7141,0,1,0,0.222744302983942,0.348988303387954,0.651011696612046,0.777255697016058,0,1,D,R,1,1
Louisiana-04,LA-04,TBD,Johnson,0.264,0.736,0,1,0,0.195356240653656,0.332667263690432,0.667332736309568,0.804643759346344,0,1,D,R,1,0
Louisiana-05,LA-05,TBD,TBD,0.354,0.646,0,1,0,0.291817434486889,0.416133071436693,0.583866928563307,0.708182565513111,0,0,D,R,1,1
Louisiana-06,LA-06,Fields,TBD,0.6493,0.3507,1,0,0,0.587632756971767,0.710902493486137,0.289097506513863,0.412367243028233,1,0,D,R,1,1
Maine-01,ME-01,Pingree,TBD,0.651,0.349,1,0,0,0.588213331867499,0.713705350567539,0.286294649432461,0.411786668132501,1,0,D,R,0,1
Maine-02,ME-02,TBD,TBD,0.4915,0.5085,0.3934,0.6066,1,0.429000003208555,0.554078491798765,0.445921508201235,0.570999996791445,0,0,D,R,1,1
Maryland-01,MD-01,TBD,Harris,0.4216,0.5784,0.007,0.993,0,0.357890301042362,0.485357241617042,0.514642758382958,0.642109698957638,0,1,D,R,1,0
Maryland-02,MD-02,Olszewsk,TBD,0.6336,0.3664,1,0,0,0.571675570302382,0.695541112454425,0.304458887545575,0.428324429697618,1,0,D,R,0,1
Maryland-03,MD-03,Elfreth,TBD,0.6523,0.3477,1,0,0,0.589923740726595,0.714742628182755,0.285257371817245,0.410076259273405,1,0,D,R,0,1
Maryland-04,MD-04,Ivey,McDermott,0.9204,0.0796,1,0,0,0.858972667346258,0.981826233171897,0.0181737668281033,0.141027332653742,1,0,D,R,0,1
Maryland-05,MD-05,TBD,TBD,0.7083,0.2917,1,0,0,0.646026707648504,0.770590374636789,0.229409625363211,0.353973292351496,0,0,D,R,1,1
Maryland-06,MD-06,McClain,TBD,0.5706,0.4294,0.9879,0.0121,0,0.50794924181908,0.633158631011629,0.366841368988371,0.49205075818092,1,0,D,R,0,1
Maryland-07,MD-07,Mfume,Collier,0.8519,0.1481,1,0,0,0.790058352411201,0.913669694916865,0.0863303050831346,0.209941647588799,1,0,D,R,0,1
Maryland-08,MD-08,Raskin,TBD,0.8243,0.1757,1,0,0,0.761746958570745,0.886876074485164,0.113123925514836,0.238253041429255,1,0,D,R,0,1
Massachusetts-01,MA-01,Neal,TBD,0.6168,0.3832,0.9997,0.000299999999999967,0,0.547894220914803,0.685612264083993,0.314387735916007,0.452105779085197,1,0,D,R,0,1
Massachusetts-02,MA-02,McGovern,TBD,0.6685,0.3315,1,0,0,0.5991866283805,0.737824501228386,0.262175498771614,0.4008133716195,1,0,D,R,0,1
Massachusetts-03,MA-03,Trahan,TBD,0.644,0.356,1,0,0,0.574610457384795,0.713374052951914,0.286625947048086,0.425389542615205,1,0,D,R,0,1
Massachusetts-04,MA-04,Auchincloss,TBD,0.6475,0.3525,1,0,0,0.57818221474619,0.7168135648425,0.2831864351575,0.42181778525381,1,0,D,R,0,1
Massachusetts-05,MA-05,Clark,TBD,0.7782,0.2218,1,0,0,0.708866767166691,0.847531596203023,0.152468403796977,0.291133232833309,1,0,D,R,0,1
Massachusetts-06,MA-06,TBD,TBD,0.6417,0.3583,1,0,0,0.578617498042078,0.704704090309575,0.295295909690425,0.421382501957922,0,0,D,R,1,1
Massachusetts-07,MA-07,Pressley,TBD,0.8713,0.1287,1,0,0,0.801731935863064,0.940821125424467,0.0591788745755326,0.198268064136936,1,0,D,R,0,1
Massachusetts-08,MA-08,Lynch,TBD,0.72,0.28,1,0,0,0.656626249033694,0.783414028273402,0.216585971726598,0.343373750966306,1,0,D,R,0,1
Massachusetts-09,MA-09,Keating,TBD,0.5966,0.4034,0.999,0.001,0,0.534223958270987,0.659035870842363,0.340964129157637,0.465776041729013,1,0,D,R,0,1
Michigan-01,MI-01,TBD,Bergman,0.4357,0.5643,0.0216,0.9784,0,0.372200222393741,0.499298736823169,0.500701263176831,0.627799777606259,0,1,D,R,1,0
Michigan-02,MI-02,TBD,Moolenaar,0.3599,0.6401,0,1,0,0.296798616856681,0.422979586627976,0.577020413372024,0.703201383143319,0,1,D,R,1,0
Michigan-03,MI-03,Scholten,TBD,0.5809,0.4191,0.9945,0.00549999999999995,0,0.517291168977195,0.644606064638447,0.355393935361553,0.482708831022805,1,0,D,R,0,1
Michigan-04,MI-04,TBD,Huizenga,0.4752,0.5248,0.2142,0.7858,0,0.412382997629327,0.53791842364442,0.46208157635558,0.587617002370673,0,1,D,R,1,0
Michigan-05,MI-05,TBD,Walberg,0.3672,0.6328,0,1,0,0.303953426425751,0.430493024891468,0.569506975108532,0.696046573574249,0,1,D,R,1,0
Michigan-06,MI-06,Dingell,TBD,0.668,0.332,1,0,0,0.604535975784255,0.731521812738262,0.268478187261738,0.395464024215745,1,0,D,R,0,1
Michigan-07,MI-07,TBD,Barrett,0.5068,0.4932,0.5855,0.4145,1,0.444012624360263,0.569536507568827,0.430463492431173,0.555987375639737,0,1,D,R,1,0
Michigan-08,MI-08,McDonald Rivet,TBD,0.5594,0.4406,0.9715,0.0285,0,0.496963695096872,0.621860189094895,0.378139810905105,0.503036304903128,1,0,D,R,0,1
Michigan-09,MI-09,TBD,McClain,0.3409,0.6591,0,1,0,0.277596571523194,0.404104027865002,0.595895972134998,0.722403428476806,0,1,D,R,1,0
Michigan-10,MI-10,TBD,TBD,0.5002,0.4998,0.5022,0.4978,1,0.437372412275737,0.562972660174066,0.437027339825934,0.562627587724263,0,0,D,R,1,1
Michigan-11,MI-11,TBD,TBD,0.6174,0.3826,0.9999,9.9999999999989e-05,0,0.554323092055144,0.68057289671022,0.31942710328978,0.445676907944856,0,0,D,R,1,1
Michigan-12,MI-12,Tlaib,TBD,0.7569,0.2431,1,0,0,0.694657727810478,0.819076400593485,0.180923599406515,0.305342272189522,1,0,D,R,0,1
Michigan-13,MI-13,Thanedar,TBD,0.7626,0.2374,1,0,0,0.699977600560548,0.82514111745102,0.17485888254898,0.300022399439452,1,0,D,R,0,1
Minnesota-01,MN-01,TBD,Finstad,0.4499,0.5501,0.056,0.944,0,0.386868238238789,0.512939676740778,0.487060323259222,0.613131761761211,0,1,D,R,1,0
Minnesota-02,MN-02,TBD,TBD,0.5668,0.4332,0.9834,0.0165999999999999,0,0.504040470648331,0.629644058769472,0.370355941230528,0.495959529351669,0,0,D,R,1,1
Minnesota-03,MN-03,Morrison,TBD,0.6293,0.3707,1,0,0,0.56592020143398,0.692676563600793,0.307323436399207,0.43407979856602,1,0,D,R,0,1
Minnesota-04,MN-04,McCollum,TBD,0.7082,0.2918,1,0,0,0.644532538598861,0.771938604582137,0.228061395417863,0.355467461401139,1,0,D,R,0,1
Minnesota-05,MN-05,Omar,TBD,0.8025,0.1975,1,0,0,0.738722445998487,0.866238345928528,0.133761654071472,0.261277554001513,1,0,D,R,0,1
Minnesota-06,MN-06,TBD,Emmer,0.4091,0.5909,0.0019,0.9981,0,0.346388809857547,0.471818165079972,0.528181834920028,0.653611190142453,0,1,D,R,1,0
Minnesota-07,MN-07,TBD,Fischbach,0.3295,0.6705,0,1,0,0.266222371377439,0.392683487842135,0.607316512157865,0.733777628622561,0,1,D,R,1,0
Minnesota-08,MN-08,TBD,Stauber,0.4502,0.5498,0.0581,0.9419,0,0.3868658443085,0.51358557978358,0.48641442021642,0.6131341556915,0,1,D,R,1,0
Mississippi-01,MS-01,Johnson,Kelly,0.3339,0.6661,0,1,0,0.270870771717443,0.396870507742468,0.603129492257532,0.729129228282557,0,1,D,R,1,1
Mississippi-02,MS-02,Thompson,Eller,0.6519,0.3481,1,0,0,0.590768431030605,0.713095412093815,0.286904587906185,0.409231568969395,1,0,D,R,1,1
Mississippi-03,MS-03,Chiaradio,Guest,0.3807,0.6193,0.0003,0.9997,0,0.311903712650029,0.449402654624686,0.550597345375314,0.688096287349971,0,1,D,R,1,1
Mississippi-04,MS-04,Hulum,Ezell,0.2949,0.7051,0,1,0,0.231828171066055,0.357891695232022,0.642108304767978,0.768171828933945,0,1,D,R,1,1
Missouri-01,MO-01,Bell,TBD,0.8413,0.1587,1,0,0,0.778791354062452,0.903828882527991,0.0961711174720087,0.221208645937548,1,0,D,R,0,1
Missouri-02,MO-02,TBD,Wagner,0.453,0.547,0.0691,0.9309,0,0.389534387037811,0.516401332452127,0.483598667547873,0.610465612962189,0,1,D,R,1,0
Missouri-03,MO-03,TBD,Odner,0.4229,0.5771,0.0067,0.9933,0,0.360571466865182,0.48528846046104,0.51471153953896,0.639428533134818,0,1,D,R,1,0
Missouri-04,MO-04,TBD,Alford,0.4106,0.5894,0.0022,0.9978,0,0.348011162187586,0.473260285370547,0.526739714629453,0.651988837812413,0,1,D,R,1,0
Missouri-05,MO-05,Cleaver,TBD,0.4461,0.5539,0.0427,0.9573,1,0.383539053118528,0.508744622381982,0.491255377618018,0.616460946881472,1,0,D,R,0,1
Missouri-06,MO-06,TBD,TBD,0.4028,0.5972,0.0009,0.9991,0,0.340239400972448,0.465392969723033,0.534607030276967,0.659760599027552,0,0,D,R,1,1
Missouri-07,MO-07,TBD,Burlison,0.299,0.701,0,1,0,0.236318629141522,0.361608540678992,0.638391459321008,0.763681370858478,0,1,D,R,1,0
Missouri-08,MO-08,TBD,Smith,0.252,0.748,0,1,0,0.189056732498503,0.314980499339367,0.685019500660633,0.810943267501497,0,1,D,R,1,0
Montana-01,MT-01,TBD,TBD,0.4784,0.5216,0.2452,0.7548,0,0.415917135887876,0.540964440570058,0.459035559429942,0.584082864112124,0,0,D,R,1,1
Montana-02,MT-02,TBD,Downing,0.3669,0.6331,0,1,0,0.303767270950556,0.430060898186001,0.569939101813999,0.696232729049444,0,1,D,R,1,1
Nebraska-01,NE-01,TBD,Flood,0.4355,0.5645,0.0186,0.9814,0,0.373557177296893,0.497406432221109,0.502593567778891,0.626442822703107,0,1,D,R,1,1
Nebraska-02,NE-02,TBD,Harding,0.5599,0.4401,0.9724,0.0276,1,0.497396184620792,0.622484419539873,0.377515580460127,0.502603815379208,0,0,D,R,1,1
Nebraska-03,NE-03,Stille,Smith,0.2346,0.7654,0,1,0,0.171785735216983,0.297474568940305,0.702525431059695,0.828214264783017,0,1,D,R,1,0
Nevada-01,NV-01,Titus,TBD,0.564,0.436,0.9781,0.0219,0,0.500479523518225,0.627579430708332,0.372420569291668,0.499520476481775,1,0,D,R,0,1
Nevada-02,NV-02,TBD,TBD,0.4651,0.5349,0.1336,0.8664,0,0.402073461605205,0.528043222574691,0.471956777425309,0.597926538394795,0,0,D,R,1,1
Nevada-03,NV-03,Lee,TBD,0.541,0.459,0.902,0.098,0,0.47755360619549,0.604538148582355,0.395461851417645,0.52244639380451,1,0,D,R,0,1
Nevada-04,NV-04,Horsford,TBD,0.567,0.433,0.9829,0.0171,0,0.503693101094817,0.630302707274237,0.369697292725763,0.496306898905183,1,0,D,R,1,1
New Hampshire-01,NH-01,TBD,TBD,0.547,0.453,0.9323,0.0677,0,0.484034465749167,0.609984153236146,0.390015846763854,0.515965534250833,0,0,D,R,1,1
New Hampshire-02,NH-02,Goodlander,TBD,0.5666,0.4334,0.9832,0.0168,0,0.503909075286724,0.629260852493376,0.370739147506624,0.496090924713276,1,0,D,R,0,1
New Jersey-01,NJ-01,Norcross,Galdo,0.6256,0.3744,1,0,0,0.562719957924228,0.688416439794394,0.311583560205606,0.437280042075772,1,0,D,R,1,1
New Jersey-02,NJ-02,TBD,Van Drew,0.4474,0.5526,0.0499,0.9501,0,0.383566164260632,0.511315234440363,0.488684765559637,0.616433835739368,0,1,D,R,1,1
New Jersey-03,NJ-03,Conaway,TBD,0.5824,0.4176,0.9959,0.00409999999999999,0,0.520039179512793,0.6446709312821,0.3553290687179,0.479960820487207,1,0,D,R,1,1
New Jersey-04,NJ-04,TBD,Smith,0.3528,0.6472,0,1,0,0.288950212967413,0.416710220116745,0.583289779883255,0.711049787032587,0,1,D,R,1,1
New Jersey-05,NJ-05,Gottheimer,TBD,0.5789,0.4211,0.9941,0.00590000000000002,0,0.516267818178051,0.641504211980111,0.358495788019889,0.483732181821949,1,0,D,R,1,1
New Jersey-06,NJ-06,Palone,Herzig,0.6017,0.3983,0.9993,0.000700000000000034,0,0.53831776534857,0.665120025749232,0.334879974250768,0.46168223465143,1,0,D,R,0,1
New Jersey-07,NJ-07,TBD,Kean,0.5064,0.4936,0.5804,0.4196,1,0.443024591644538,0.569835734220302,0.430164265779698,0.556975408355462,0,1,D,R,1,1
New Jersey-08,NJ-08,Menendez,N/A,1,0,1,0,0,1,1,0,0,1,0,D,,0,1
New Jersey-09,NJ-09,Pou,TBD,0.554,0.446,0.9557,0.0443,0,0.490559770583958,0.617422496522629,0.382577503477371,0.509440229416042,1,0,D,R,1,1
New Jersey-10,NJ-10,McIver,Bucco,0.8004,0.1996,1,0,0,0.738126277505616,0.862573815871964,0.137426184128036,0.261873722494384,1,0,D,R,0,1
New Jersey-11,NJ-11,TBD,Hathaway,0.5982,0.4018,0.9998,0.000199999999999978,0,0.541851266549537,0.654471398253147,0.345528601746853,0.458148733450463,0,0,D,R,1,1
New Jersey-12,NJ-12,TBD,Mele,0.6596,0.3404,1,0,0,0.596992018726021,0.722179246604855,0.277820753395145,0.403007981273979,0,0,D,R,1,1
New Mexico-01,NM-01,Stansbury,TBD,0.6,0.4,0.9993,0.000700000000000034,0,0.537793352848266,0.662274311231043,0.337725688768957,0.462206647151734,1,0,D,R,1,1
New Mexico-02,NM-02,Vasquez,TBD,0.5501,0.4499,0.9476,0.0524,0,0.488343757230648,0.611785515811341,0.388214484188659,0.511656242769352,1,0,D,R,0,1
New Mexico-03,NM-03,Leger Fern&#225;ndez,TBD,0.5897,0.4103,0.9981,0.00190000000000001,0,0.527774359239647,0.651674509727008,0.348325490272992,0.472225640760353,1,0,D,R,1,1
New York-01,NY-01,TBD,LaLota,0.4752,0.5248,0.2182,0.7818,0,0.411574698406613,0.538879107657373,0.461120892342627,0.588425301593387,0,1,D,R,1,0
New York-02,NY-02,TBD,Garbarino,0.4364,0.5636,0.0228,0.9772,0,0.372700768969439,0.500000582186279,0.499999417813721,0.627299231030561,0,1,D,R,1,0
New York-03,NY-03,Suozzi,TBD,0.54,0.46,0.8989,0.1011,0,0.477264593615053,0.602770769746025,0.397229230253975,0.522735406384947,1,0,D,R,0,1
New York-04,NY-04,Gillen,TBD,0.5515,0.4485,0.95,0.05,0,0.488889330512403,0.61412785064664,0.38587214935336,0.511110669487597,1,0,D,R,0,1
New York-05,NY-05,Meeks,TBD,0.7578,0.2422,1,0,0,0.695532561076879,0.820101482681989,0.179898517318011,0.304467438923121,1,0,D,R,0,1
New York-06,NY-06,Meng,TBD,0.6266,0.3734,1,0,0,0.563480538850939,0.68979385477898,0.31020614522102,0.436519461149061,1,0,D,R,0,1
New York-07,NY-07,TBD,TBD,0.7702,0.2298,1,0,0,0.707126198368924,0.833277855539623,0.166722144460377,0.292873801631076,0,0,R,R,1,1
New York-08,NY-08,Jeffries,TBD,0.778,0.222,1,0,0,0.715407782773394,0.840576440829767,0.159423559170233,0.284592217226606,1,0,D,R,0,1
New York-09,NY-09,Clarke,TBD,0.7651,0.2349,1,0,0,0.702429434415938,0.827812906459562,0.172187093540438,0.297570565584062,1,0,D,R,0,1
New York-10,NY-10,Goldman,TBD,0.8683,0.1317,1,0,0,0.804636490248884,0.932022963367063,0.0679770366329369,0.195363509751116,1,0,D,R,0,1
New York-11,NY-11,TBD,Malliotakis,0.3871,0.6129,0.0002,0.9998,0,0.323585890020302,0.450514110794774,0.549485889205226,0.676414109979698,0,1,D,R,1,0
New York-12,NY-12,TBD,TBD,0.8593,0.1407,1,0,0,0.796145103859617,0.922472556155363,0.0775274438446369,0.203854896140383,0,0,D,R,1,1
New York-13,NY-13,Espaillat,TBD,0.8592,0.1408,1,0,0,0.795850127893197,0.922630415648927,0.0773695843510726,0.204149872106803,1,0,D,R,0,1
New York-14,NY-14,Ocasio-Cortez,TBD,0.7166,0.2834,1,0,0,0.653073394533093,0.780032710061547,0.219967289938453,0.346926605466907,1,0,D,R,0,1
New York-15,NY-15,Torres,TBD,0.8062,0.1938,1,0,0,0.743068040551031,0.869234735855858,0.130765264144142,0.256931959448969,1,0,D,R,0,1
New York-16,NY-16,Latimer,TBD,0.7401,0.2599,1,0,0,0.677060656833104,0.803096444020035,0.196903555979965,0.322939343166896,1,0,D,R,0,1
New York-17,NY-17,TBD,Lawler,0.5049,0.4951,0.5618,0.4382,1,0.441646272211666,0.568194328886322,0.431805671113678,0.558353727788334,0,1,D,R,1,0
New York-18,NY-18,Ryan,TBD,0.5936,0.4064,0.9986,0.00139999999999996,0,0.531159869056476,0.656082119535575,0.343917880464425,0.468840130943524,1,0,D,R,0,1
New York-19,NY-19,Riley,TBD,0.5528,0.4472,0.9541,0.0459000000000001,0,0.490163658856291,0.615503116380684,0.384496883619316,0.509836341143709,1,0,D,R,0,1
New York-20,NY-20,Tonko,TBD,0.6332,0.3668,1,0,0,0.569730496979899,0.696670103785518,0.303329896214482,0.430269503020101,1,0,D,R,0,1
New York-21,NY-21,TBD,TBD,0.4333,0.5667,0.0167,0.9833,0,0.37062439594811,0.496021311143415,0.503978688856585,0.62937560405189,0,0,D,R,1,1
New York-22,NY-22,Mannion,TBD,0.5832,0.4168,0.9958,0.00419999999999998,0,0.520017330881013,0.646363485695246,0.353636514304754,0.479982669118987,1,0,D,R,0,1
New York-23,NY-23,TBD,Langworthy,0.3822,0.6178,0.0001,0.9999,0,0.318718867160816,0.44561851788655,0.55438148211345,0.681281132839184,0,1,D,R,1,0
New York-24,NY-24,TBD,Tenney,0.381,0.619,0.0001,0.9999,0,0.317702281904933,0.444276085352002,0.555723914647998,0.682297718095067,0,1,D,R,1,0
New York-25,NY-25,Morrelle,TBD,0.637,0.363,1,0,0,0.573867261882707,0.700058034062078,0.299941965937922,0.426132738117293,1,0,D,R,0,1
New York-26,NY-26,Kennedy,TBD,0.6694,0.3306,1,0,0,0.606214669343904,0.732614301284999,0.267385698715001,0.393785330656096,1,0,D,R,0,1
North Carolina-01,NC-01,Davis,Buckhout,0.4966,0.5034,0.4533,0.5467,1,0.438619950853152,0.554575293644607,0.445424706355393,0.561380049146848,1,0,D,R,1,1
North Carolina-02,NC-02,Ross,Douglass,0.7116,0.2884,1,0,0,0.648997356513262,0.774293421280837,0.225706578719163,0.351002643486738,1,0,D,R,1,1
North Carolina-03,NC-03,Smith,Murphy,0.4578,0.5422,0.1107,0.8893,0,0.3887469516603,0.526818010360411,0.473181989639589,0.6112530483397,0,1,D,R,1,1
North Carolina-04,NC-04,Foushee,Ganorkar,0.7681,0.2319,1,0,0,0.705706505057494,0.830541299133679,0.169458700866321,0.294293494942506,1,0,D,R,1,1
North Carolina-05,NC-05,Hubbard,Foxx,0.4345,0.5655,0.0191,0.9809,0,0.371287113739535,0.497700201025052,0.502299798974948,0.628712886260465,0,1,D,R,1,1
North Carolina-06,NC-06,Jefferson,McDowell,0.4393,0.5607,0.0396,0.9604,0,0.370168847067646,0.508478789207579,0.491521210792421,0.629831152932354,0,1,D,R,1,1
North Carolina-07,NC-07,Hardy,Rouzer,0.4461,0.5539,0.0441,0.9559,0,0.382800517988405,0.509327794359883,0.490672205640117,0.617199482011595,0,1,D,R,1,1
North Carolina-08,NC-08,Watson,Harris,0.4286,0.5714,0.0119,0.9881,0,0.365463688850841,0.491825305909455,0.508174694090545,0.634536311149159,0,1,D,R,1,1
North Carolina-09,NC-09,Ojeda,Hudson,0.4347,0.5653,0.0192,0.9808,0,0.37158925286988,0.497748123257722,0.502251876742278,0.62841074713012,0,1,D,R,1,1
North Carolina-10,NC-10,Bell,Harrigan,0.4265,0.5735,0.0101,0.9899,0,0.363270214265198,0.48975354766225,0.51024645233775,0.636729785734802,0,1,D,R,1,1
North Carolina-11,NC-11,Ager,Edwards,0.465,0.535,0.1352,0.8648,0,0.401430073091787,0.52852120474076,0.47147879525924,0.598569926908213,0,1,D,R,1,1
North Carolina-12,NC-12,Adams,Codiga,0.7745,0.2255,1,0,0,0.712008866936393,0.836962808744004,0.163037191255996,0.287991133063607,1,0,D,R,1,1
North Carolina-13,NC-13,Barringer,Knott,0.4405,0.5595,0.0297,0.9703,0,0.377433828817808,0.503603243382089,0.496396756617911,0.622566171182192,0,1,D,R,1,1
North Carolina-14,NC-14,Womack,Moore,0.4455,0.5545,0.0423,0.9577,0,0.382207370815526,0.508724016633278,0.491275983366722,0.617792629184474,0,1,D,R,1,1
North Dakota-00,ND-AL,TBD,Fedorchak,0.332,0.668,0,1,0,0.26940313528917,0.394660161306565,0.605339838693435,0.730596864710831,0,1,D,R,1,0
Ohio-01,OH-01,Landsman,TBD,0.5306,0.4694,0.8331,0.1669,0,0.467238666966988,0.594033104275862,0.405966895724138,0.532761333033012,1,0,D,R,0,1
Ohio-02,OH-02,TBD,Taylor,0.3136,0.6864,0,1,0,0.250460426279855,0.376743064046473,0.623256935953527,0.749539573720145,0,1,D,R,1,0
Ohio-03,OH-03,Beatty,Dulaney,0.7397,0.2603,1,0,0,0.676316066855741,0.803141427077266,0.196858572922734,0.323683933144259,1,0,D,R,0,1
Ohio-04,OH-04,Kolasinski,Jordan,0.3115,0.6885,0,1,0,0.248374660337003,0.374721926040888,0.625278073959112,0.751625339662997,0,1,D,R,1,1
Ohio-05,OH-05,TBD,Latta,0.3855,0.6145,0.0001,0.9999,0,0.322293053118066,0.448778183461277,0.551221816538723,0.677706946881934,0,1,D,R,1,0
Ohio-06,OH-06,TBD,Rulli,0.3526,0.6474,0,1,0,0.289103515426085,0.416006676201871,0.583993323798129,0.710896484573915,0,1,D,R,1,0
Ohio-07,OH-07,TBD,Miller,0.4459,0.5541,0.0443,0.9557,0,0.38231310208448,0.509444194255558,0.490555805744442,0.61768689791552,0,1,D,R,1,1
Ohio-08,OH-08,TBD,Davidson,0.4395,0.5605,0.0276,0.9724,0,0.376392687447764,0.502609644109626,0.497390355890374,0.623607312552236,0,1,D,R,1,1
Ohio-09,OH-09,Kaptur,TBD,0.507,0.493,0.588,0.412,0,0.444330383371342,0.569604247529662,0.430395752470338,0.555669616628658,1,0,D,R,1,1
Ohio-10,OH-10,TBD,Turner,0.4365,0.5635,0.0223,0.9777,0,0.373216624647214,0.499720546205065,0.500279453794935,0.626783375352786,0,1,D,R,1,1
Ohio-11,OH-11,Brown,TBD,0.8267,0.1733,1,0,0,0.764400488555263,0.888948101395607,0.111051898604393,0.235599511444737,1,0,D,R,0,1
Ohio-12,OH-12,TBD,Balderson,0.3606,0.6394,0,1,0,0.297353658122362,0.423881488078335,0.576118511921665,0.702646341877638,0,1,D,R,1,1
Ohio-13,OH-13,Sykes,TBD,0.5564,0.4436,0.9638,0.0362,0,0.493608202910669,0.619133037233277,0.380866962766723,0.506391797089331,1,0,D,R,1,1
Ohio-14,OH-14,TBD,Joyce,0.3905,0.6095,0.0003,0.9997,0,0.3269023730487,0.454075493851607,0.545924506148393,0.6730976269513,0,1,D,R,1,0
Ohio-15,OH-15,TBD,Carey,0.4618,0.5382,0.1117,0.8883,0,0.399033293704796,0.524545190485789,0.475454809514211,0.600966706295204,0,1,D,R,1,0
Oklahoma-01,OK-01,TBD,TBD,0.425,0.575,0.0085,0.9915,0,0.362106544304722,0.487895031072216,0.512104968927784,0.637893455695278,0,0,D,R,1,1
Oklahoma-02,OK-02,TBD,Brecheen,0.2498,0.7502,0,1,0,0.186704493478133,0.312992943096433,0.687007056903567,0.813295506521867,0,1,D,R,1,0
Oklahoma-03,OK-03,TBD,Lucas,0.2953,0.7047,0,1,0,0.226901594868405,0.363631425155811,0.636368574844189,0.773098405131595,0,1,D,R,1,0
Oklahoma-04,OK-04,TBD,Cole,0.3367,0.6633,0,1,0,0.273916410643606,0.399430018046763,0.600569981953237,0.726083589356394,0,1,D,R,1,0
Oklahoma-05,OK-05,TBD,Bice,0.424,0.576,0.0079,0.9921,0,0.361046067184432,0.4869264374288,0.5130735625712,0.638953932815568,0,1,D,R,1,0
Oregon-01,OR-01,Bonamici,TBD,0.7395,0.2605,1,0,0,0.675683891670016,0.803226376206125,0.196773623793875,0.324316108329984,1,0,D,R,0,1
Oregon-02,OR-02,TBD,Bentz,0.3725,0.6275,0,1,0,0.308899747595765,0.436069399373679,0.563930600626321,0.691100252404235,0,1,D,R,1,0
Oregon-03,OR-03,Dexter,Ayles,0.7668,0.2332,1,0,0,0.702933554440111,0.830624685704118,0.169375314295882,0.297066445559889,1,0,D,R,0,1
Oregon-04,OR-04,Hoyle,TBD,0.5797,0.4203,0.9943,0.00570000000000004,0,0.51667448713612,0.642684060336193,0.357315939663807,0.48332551286388,1,0,D,R,0,1
Oregon-05,OR-05,Bynum,TBD,0.563,0.437,0.9766,0.0234,0,0.499636967572492,0.626346698311471,0.373653301688529,0.500363032427508,1,0,D,R,0,1
Oregon-06,OR-06,Salinas,Russ,0.5733,0.4267,0.9893,0.0107,0,0.50956832162351,0.637118378680757,0.362881621319243,0.49043167837649,1,0,D,R,1,1
Pennsylvania-01,PA-01,TBD,Fitzpatrick,0.4796,0.5204,0.2607,0.7393,0,0.415802231811066,0.543315710437623,0.456684289562377,0.584197768188934,0,1,D,R,1,1
Pennsylvania-02,PA-02,Boyle,Arriaga,0.7378,0.2622,1,0,0,0.674585002008301,0.800968862572266,0.199031137427734,0.325414997991699,1,0,D,R,1,1
Pennsylvania-03,PA-03,TBD,N/A,1,0,1,0,0,1,1,0,0,0,0,D,,1,1
Pennsylvania-04,PA-04,Dean,Stuski,0.6218,0.3782,0.9999,9.9999999999989e-05,0,0.558852830879096,0.684714515483746,0.315285484516254,0.441147169120904,1,0,D,R,1,1
Pennsylvania-05,PA-05,Scanlon,Manganaro,0.683,0.317,1,0,0,0.620339568487226,0.745631045267766,0.254368954732234,0.379660431512774,1,0,D,R,1,1
Pennsylvania-06,PA-06,Houlahan,Young,0.5965,0.4035,0.9989,0.00109999999999999,0,0.533600681489762,0.659316301821783,0.340683698178217,0.466399318510238,1,0,D,R,1,1
Pennsylvania-07,PA-07,TBD,Mackenzie,0.5107,0.4893,0.6311,0.3689,1,0.446959323202775,0.574367230276846,0.425632769723154,0.553040676797225,0,1,D,R,1,1
Pennsylvania-08,PA-08,Cognetti,Bresnahan,0.5015,0.4985,0.5183,0.4817,1,0.437787984734924,0.565138336091081,0.434861663908919,0.562212015265076,0,1,D,R,1,1
Pennsylvania-09,PA-09,Wallace,Meuser,0.3248,0.6752,0,1,0,0.261157385602357,0.38843866792663,0.61156133207337,0.738842614397643,0,1,D,R,1,1
Pennsylvania-10,PA-10,TBD,Perry,0.5131,0.4869,0.6601,0.3399,1,0.449803074373332,0.576298473515383,0.423701526484617,0.550196925626668,0,1,D,R,1,1
Pennsylvania-11,PA-11,Mannion,Lloyd Smucker,0.4025,0.5975,0.0011,0.9989,0,0.338878661002584,0.466202864098361,0.533797135901639,0.661121338997416,0,1,D,R,1,1
Pennsylvania-12,PA-12,Lee,Hayes,0.6049,0.3951,0.9996,0.000399999999999956,0,0.541848995787825,0.667993216962203,0.332006783037797,0.458151004212175,1,0,D,R,0,1
Pennsylvania-13,PA-13,Farnham,Joyce,0.2878,0.7122,0,1,0,0.224116446330125,0.351444303107122,0.648555696892878,0.775883553669875,0,1,D,R,1,1
Pennsylvania-14,PA-14,Bradstock,Reschenthaler,0.3597,0.6403,0,1,0,0.296112259613584,0.423349695202581,0.576650304797419,0.703887740386416,0,1,D,R,1,1
Pennsylvania-15,PA-15,Bilger,Thompson,0.3182,0.6818,0,1,0,0.254846728338152,0.381476915352935,0.618523084647065,0.745153271661848,0,1,D,R,1,1
Pennsylvania-16,PA-16,Wagner,Kelly,0.3947,0.6053,0.0004,0.9996,0,0.331322699094776,0.45803937227026,0.54196062772974,0.668677300905224,0,1,D,R,1,1
Pennsylvania-17,PA-17,Deluzio,TBD,0.5692,0.4308,0.9862,0.0138,0,0.506397895842395,0.63208211098153,0.36791788901847,0.493602104157605,1,0,D,R,1,1
Rhode Island-01,RI-01,Gabe Amo,TBD,0.682,0.318,1,0,0,0.618385929118852,0.745595788760113,0.254404211239887,0.381614070881148,1,0,D,R,0,1
Rhode Island-02,RI-02,Magaziner,TBD,0.6044,0.3956,0.9995,0.000499999999999945,0,0.541001336996278,0.667741220393764,0.332258779606236,0.458998663003722,1,0,D,R,0,1
South Carolina-01,SC-01,Deford,TBD,0.4721,0.5279,0.1842,0.8158,0,0.409991196433688,0.534167727795264,0.465832272204736,0.590008803566312,0,0,D,R,0,1
South Carolina-02,SC-02,TBD,Wilson,0.4386,0.5614,0.0261,0.9739,0,0.375423567197626,0.50184475583114,0.49815524416886,0.624576432802374,0,1,D,R,1,0
South Carolina-03,SC-03,TBD,Biggs,0.2911,0.7089,0,1,0,0.227952950661746,0.354261405302794,0.645738594697206,0.772047049338254,0,1,D,R,1,1
South Carolina-04,SC-04,McClain,Timmons,0.4105,0.5895,0.0024,0.9976,0,0.34706170736507,0.473980852619272,0.526019147380728,0.65293829263493,0,1,D,R,1,0
South Carolina-05,SC-05,TBD,Climer,0.4228,0.5772,0.006,0.994,0,0.361364386750117,0.484268540209345,0.515731459790655,0.638635613249883,0,0,D,R,1,1
South Carolina-06,SC-06,Clyburn,TBD,0.6532,0.3468,1,0,0,0.592084638395866,0.714322459854434,0.285677540145566,0.407915361604134,1,0,D,R,0,1
South Carolina-07,SC-07,Vincent,Fry,0.382,0.618,0.0001,0.9999,0,0.31865108653606,0.445409642137668,0.554590357862332,0.68134891346394,0,1,D,R,1,1
South Dakota-00,SD-AL,TBD,TBD,0.3891,0.6109,0.0002,0.9998,0,0.32658210727454,0.451560752974896,0.548439247025104,0.67341789272546,0,0,D,R,1,1
Tennessee-01,TN-01,TBD,Harshbarger,0.2273,0.7727,0,1,0,0.163924454450164,0.29060359259881,0.70939640740119,0.836075545549836,0,1,D,R,1,0
Tennessee-02,TN-02,Barnett,Burchett,0.3388,0.6612,0,1,0,0.275735485791802,0.401829872834273,0.598170127165727,0.724264514208198,0,1,D,R,1,1
Tennessee-03,TN-03,Golladay,Fleischmann,0.3335,0.6665,0,1,0,0.270273726566483,0.396735970622859,0.603264029377141,0.729726273433517,0,1,D,R,1,1
Tennessee-04,TN-04,TBD,DesJarlais,0.3053,0.6947,0,1,0,0.242483547146013,0.368135030208918,0.631864969791082,0.757516452853987,0,1,D,R,1,0
Tennessee-05,TN-05,TBD,Ogles,0.4385,0.5615,0.0248,0.9752,0,0.375760423924052,0.501165420596639,0.498834579403361,0.624239576075948,0,1,D,R,1,0
Tennessee-06,TN-06,TBD,TBD,0.3589,0.6411,0,1,0,0.296355473794738,0.421468775737173,0.578531224262827,0.703644526205262,0,0,D,R,1,1
Tennessee-07,TN-07,Sales,Van Epps,0.4414,0.5586,0.0306,0.9694,0,0.378734697349755,0.504017053568562,0.495982946431438,0.621265302650245,0,1,D,R,1,1
Tennessee-08,TN-08,TBD,Kostoff,0.2987,0.7013,0,1,0,0.235548635288584,0.361764465081673,0.638235534918327,0.764451364711416,0,1,D,R,1,1
Tennessee-09,TN-09,Cohen,TBD,0.7665,0.2335,1,0,0,0.704456140663668,0.828567977617552,0.171432022382448,0.295543859336332,1,0,D,R,0,1
Texas-01,TX-01,TBD,Moran,0.2791,0.7209,0,1,0,0.21047265337568,0.347797114806626,0.652202885193374,0.78952734662432,0,1,D,R,1,1
Texas-02,TX-02,Finnie,Toth,0.423,0.577,0.0065,0.9935,0,0.36106050554539,0.484969517672338,0.515030482327662,0.63893949445461,0,0,D,R,1,1
Texas-03,TX-03,Hunt,Keith Self,0.393,0.607,0.0003,0.9997,0,0.330765356593511,0.455295630514748,0.544704369485252,0.669234643406489,0,1,D,R,1,1
Texas-04,TX-04,Pearce,Fallon,0.389,0.611,0.0002,0.9998,0,0.326527991200254,0.451500455975333,0.548499544024667,0.673472008799746,0,1,D,R,1,1
Texas-05,TX-05,TBD,Gooden,0.4171,0.5829,0.0039,0.9961,0,0.35471230636197,0.479451531672748,0.520548468327252,0.64528769363803,0,1,D,R,1,1
Texas-06,TX-06,Minton,Ellzey,0.4035,0.5965,0.0009,0.9991,0,0.341291511372973,0.465613819369165,0.534386180630835,0.658708488627027,0,1,D,R,1,1
Texas-07,TX-07,Fletcher,TBD,0.6588,0.3412,1,0,0,0.595534883192145,0.722063019527458,0.277936980472542,0.404465116807855,1,0,D,R,1,1
Texas-08,TX-08,Jones,Steinmann,0.3986,0.6014,0.0005,0.9995,0,0.336735917285951,0.460479849441715,0.539520150558285,0.663264082714049,0,0,D,R,1,1
Texas-09,TX-09,Gutierrez,TBD,0.4377,0.5623,0.0228,0.9772,1,0.375477388172262,0.500000796756735,0.499999203243265,0.624522611827738,0,0,D,R,1,1
Texas-10,TX-10,Rourk,Gober,0.4246,0.5754,0.0073,0.9927,0,0.362942742385456,0.486338583497963,0.513661416502037,0.637057257614544,0,0,D,R,1,1
Texas-11,TX-11,Reynolds,Pfluger,0.3551,0.6449,0,1,0,0.28764497248032,0.42247409774988,0.57752590225012,0.71235502751968,0,1,D,R,1,1
Texas-12,TX-12,Rodriguez Prilliman,Goldman,0.3888,0.6112,0.0002,0.9998,0,0.327022639037433,0.450507116403299,0.549492883596701,0.672977360962567,0,1,D,R,1,1
Texas-13,TX-13,Nair,Jackson,0.2953,0.7047,0,1,0,0.227433523317418,0.363077128560016,0.636922871439984,0.772566476682582,0,1,D,R,1,1
Texas-14,TX-14,TBD,Weber,0.3938,0.6062,0.0003,0.9997,0,0.331409154002136,0.456239546956031,0.543760453043969,0.668590845997864,0,1,D,R,1,1
Texas-15,TX-15,Pulido,De La Cruz,0.4534,0.5466,0.0657,0.9343,0,0.391611986657532,0.515169193231083,0.484830806768917,0.608388013342468,0,1,D,R,1,1
Texas-16,TX-16,Escobar,TBD,0.6305,0.3695,1,0,0,0.568467790261909,0.692559726817995,0.307440273182005,0.431532209738091,1,0,D,R,0,1
Texas-17,TX-17,TBD,Sessions,0.4088,0.5912,0.0015,0.9985,0,0.347187408664622,0.470373876981992,0.529626123018008,0.652812591335378,0,1,D,R,1,1
Texas-18,TX-18,TBD,Whitfield,0.8273,0.1727,1,0,0,0.75916932702379,0.895408515785503,0.104591484214497,0.24083067297621,1,0,D,R,0,1
Texas-19,TX-19,Rable,TBD,0.2784,0.7216,0,1,0,0.216645704720257,0.340167966524837,0.659832033475163,0.783354295279743,0,0,D,R,1,1
Texas-20,TX-20,Castro,Baez,0.6935,0.3065,1,0,0,0.625158914893745,0.761916938664469,0.238083061335531,0.374841085106255,1,0,D,R,1,1
Texas-21,TX-21,Hook,Teixeira,0.4291,0.5709,0.0106,0.9894,0,0.367590960059107,0.490593812739786,0.509406187260214,0.632409039940893,0,0,D,R,1,1
Texas-22,TX-22,Greene-Scott,Nehls,0.4253,0.5747,0.0081,0.9919,0,0.363186796724279,0.487380360645085,0.512619639354915,0.636813203275721,0,0,D,R,1,1
Texas-23,TX-23,Padilla Stout,Herrera,0.4677,0.5323,0.1284,0.8716,0,0.410836271790432,0.524633587988727,0.475366412011273,0.589163728209568,0,0,D,R,1,1
Texas-24,TX-24,TBD,Van Duyne,0.4273,0.5727,0.0097,0.9903,0,0.365168358856778,0.489506494040512,0.510493505959488,0.634831641143222,0,1,D,R,1,1
Texas-25,TX-25,Sims,Williams,0.4066,0.5934,0.0032,0.9968,0,0.338103083830153,0.475183609359441,0.524816390640559,0.661896916169847,0,1,D,R,1,1
Texas-26,TX-26,Shook,Gill,0.3927,0.6073,0.0003,0.9997,0,0.330577370637808,0.454847507414003,0.545152492585997,0.669422629362192,0,1,D,R,1,1
Texas-27,TX-27,Lloyd,Cloud,0.4154,0.5846,0.0031,0.9969,0,0.353603077729666,0.477251334579709,0.522748665420291,0.646396922270334,0,1,D,R,1,1
Texas-28,TX-28,Cuellar,Tijerina,0.5325,0.4675,0.8524,0.1476,0,0.47042131719038,0.594541645784703,0.405458354215297,0.52957868280962,1,0,D,R,1,1
Texas-29,TX-29,Garcia,Fierro,0.7263,0.2737,1,0,0,0.66360334383254,0.789017989313084,0.210982010686916,0.33639665616746,1,0,D,R,1,1
Texas-30,TX-30,Haynes,TBD,0.7772,0.2228,1,0,0,0.714825774282826,0.839501362875907,0.160498637124093,0.285174225717174,0,0,D,R,1,1
Texas-31,TX-31,Early,Carter,0.3991,0.6009,0.0005,0.9995,0,0.337252441150738,0.460918969046703,0.539081030953297,0.662747558849262,0,1,D,R,1,1
Texas-32,TX-32,Barrios,TBD,0.4475,0.5525,0.0458,0.9542,1,0.385295111509651,0.50972845620095,0.49027154379905,0.614704888490349,0,0,D,R,1,1
Texas-33,TX-33,Johnson,TBD,0.7054,0.2946,1,0,0,0.642504422294413,0.768349080560373,0.231650919439627,0.357495577705587,1,0,D,R,0,1
Texas-34,TX-34,Gonzalez,Flores,0.5118,0.4882,0.6482,0.3518,0,0.449900102075153,0.573637593103308,0.426362406896692,0.550099897924847,1,0,D,R,1,1
Texas-35,TX-35,TBD,TBD,0.4865,0.5135,0.3307,0.6693,1,0.424937318424213,0.548089010424365,0.451910989575635,0.575062681575787,0,0,D,R,1,1
Texas-36,TX-36,Hart,Babin,0.397,0.603,0.0005,0.9995,0,0.334481752030787,0.459467402884339,0.540532597115661,0.665518247969213,0,1,D,R,1,1
Texas-37,TX-37,Casar,TBD,0.8264,0.1736,1,0,0,0.763356924543838,0.889418844182432,0.110581155817568,0.236643075456162,1,0,D,R,1,1
Texas-38,TX-38,McDonough,TBD,0.4315,0.5685,0.0136,0.9864,0,0.369487317102539,0.493553006008235,0.506446993991765,0.630512682897461,0,0,D,R,1,1
Utah-01,UT-01,TBD,Moore,0.6031,0.3969,0.9995,0.000499999999999945,1,0.540961210944318,0.665184289123259,0.334815710876741,0.459038789055682,0,1,D,R,1,0
Utah-02,UT-02,TBD,TBD,0.3867,0.6133,0.0002,0.9998,0,0.324004476442223,0.449445378408753,0.550554621591247,0.675995523557777,0,0,D,R,1,1
Utah-03,UT-03,TBD,TBD,0.2647,0.7353,0,1,0,0.202600819726734,0.326707608150813,0.673292391849187,0.797399180273266,0,1,D,R,1,0
Utah-04,UT-04,TBD,TBD,0.3696,0.6304,0,1,0,0.306918239466,0.432234295876322,0.567765704123678,0.693081760534,0,0,D,R,1,1
Vermont-00,VT-AL,Balint,TBD,0.7096,0.2904,1,0,0,0.647174120406895,0.772051246794464,0.227948753205536,0.352825879593105,1,0,D,R,0,1
Virginia-01,VA-01,TBD,Wittman,0.4746,0.5254,0.2124,0.7876,0,0.41105447796135,0.538210322211856,0.461789677788144,0.58894552203865,0,1,D,R,1,0
Virginia-02,VA-02,TBD,Kiggans,0.5124,0.4876,0.6515,0.3485,1,0.448664838821788,0.576157094617539,0.423842905382461,0.551335161178212,0,1,D,R,1,0
Virginia-03,VA-03,Scott,TBD,0.7284,0.2716,1,0,0,0.666481602419742,0.790228807836401,0.209771192163599,0.333518397580258,1,0,D,R,0,1
Virginia-04,VA-04,McClellan,TBD,0.7075,0.2925,1,0,0,0.646008689364471,0.768993233765677,0.231006766234323,0.353991310635529,1,0,D,R,0,1
Virginia-05,VA-05,TBD,McGuire,0.454,0.546,0.0724,0.9276,0,0.39083885493248,0.517100538211368,0.482899461788632,0.60916114506752,0,1,D,R,1,0
Virginia-06,VA-06,TBD,Cline,0.3889,0.6111,0.0002,0.9998,0,0.325245026256587,0.452476699607062,0.547523300392938,0.674754973743413,0,1,D,R,1,0
Virginia-07,VA-07,Vindman,TBD,0.5534,0.4466,0.9568,0.0432,0,0.491139051241732,0.615602873022843,0.384397126977157,0.508860948758268,1,0,D,R,0,1
Virginia-08,VA-08,Beyer,TBD,0.7814,0.2186,1,0,0,0.718286432177325,0.844482731023059,0.155517268976941,0.281713567822675,1,0,D,R,0,1
Virginia-09,VA-09,TBD,Griffith,0.302,0.698,0,1,0,0.238691415078779,0.365384175521565,0.634615824478435,0.761308584921221,0,1,D,R,1,0
Virginia-10,VA-10,Subramanyam,TBD,0.5676,0.4324,0.9845,0.0155,0,0.50488932766717,0.630288714762507,0.369711285237493,0.49511067233283,1,0,D,R,0,1
Virginia-11,VA-11,Walkinshaw,TBD,0.7508,0.2492,1,0,0,0.687916214558268,0.813634613987824,0.186365386012176,0.312083785441732,1,0,D,R,0,1
Washington-01,WA-01,DelBene,TBD,0.6695,0.3305,1,0,0,0.60582419985847,0.733210767584601,0.266789232415399,0.39417580014153,1,0,D,R,0,1
Washington-02,WA-02,Larsen,TBD,0.6682,0.3318,1,0,0,0.605024011496784,0.731340493670289,0.268659506329711,0.394975988503216,1,0,D,R,0,1
Washington-03,WA-03,Gluesenkamp Perez,TBD,0.5431,0.4569,0.9131,0.0869,0,0.479726011965601,0.606499648894487,0.393500351105513,0.520273988034399,1,0,D,R,0,1
Washington-04,WA-04,TBD,TBD,0.4324,0.5676,0.0149,0.9851,0,0.370087067645522,0.494616477085663,0.505383522914337,0.629912932354478,0,0,D,R,1,1
Washington-05,WA-05,TBD,Baumgarter,0.4288,0.5712,0.0118,0.9882,0,0.36597622131563,0.491701505854653,0.508298494145347,0.63402377868437,0,1,D,R,1,0
Washington-06,WA-06,Randall,TBD,0.6126,0.3874,0.9998,0.000199999999999978,0,0.549845287739139,0.675400032549893,0.324599967450107,0.450154712260861,1,0,D,R,0,1
Washington-07,WA-07,Jayapal,TBD,0.8871,0.1129,1,0,0,0.823267718239867,0.950889878633736,0.049110121366264,0.176732281760133,1,0,D,R,0,1
Washington-08,WA-08,Schrier,TBD,0.573,0.427,0.9894,0.0106000000000001,0,0.509662815152195,0.636291758317235,0.363708241682765,0.490337184847805,1,0,D,R,0,1
Washington-09,WA-09,Smith,TBD,0.7589,0.2411,1,0,0,0.68967313149052,0.828194448323533,0.171805551676467,0.31032686850948,1,0,D,R,0,1
Washington-10,WA-10,Strickland,TBD,0.6206,0.3794,0.9999,9.9999999999989e-05,0,0.557051323615409,0.684160797279404,0.315839202720596,0.442948676384591,1,0,D,R,0,1
West Virginia-01,WV-01,TBD,Miller,0.3071,0.6929,0,1,0,0.243768158643967,0.370518028176787,0.629481971823213,0.756231841356033,0,1,D,R,1,0
West Virginia-02,WV-02,TBD,Moore,0.317,0.683,0,1,0,0.253700394733347,0.380296420914442,0.619703579085558,0.746299605266653,0,1,D,R,1,1
Wisconsin-01,WI-01,TBD,Steil,0.4814,0.5186,0.2775,0.7225,0,0.418427524846223,0.544392109658422,0.455607890341578,0.581572475153777,0,1,D,R,1,0
Wisconsin-02,WI-02,Pocan,TBD,0.7373,0.2627,1,0,0,0.673787801274006,0.800758627818686,0.199241372181314,0.326212198725994,1,0,D,R,0,1
Wisconsin-03,WI-03,TBD,Van Orden,0.5083,0.4917,0.6038,0.3962,1,0.445381467115692,0.571180403589761,0.428819596410239,0.554618532884309,0,1,D,R,1,0
Wisconsin-04,WI-04,Moore,TBD,0.8004,0.1996,1,0,0,0.736974897427209,0.863831573837631,0.136168426162369,0.263025102572791,1,0,D,R,0,1
Wisconsin-05,WI-05,TBD,Fitzgerald,0.3911,0.6089,0.0003,0.9997,0,0.327717432384075,0.454454706989456,0.545545293010544,0.672282567615925,0,1,D,R,1,0
Wisconsin-06,WI-06,TBD,Grothman,0.4214,0.5786,0.0064,0.9936,0,0.358183780822188,0.484594617123432,0.515405382876568,0.641816219177812,0,1,D,R,1,0
Wisconsin-07,WI-07,TBD,TBD,0.4241,0.5759,0.0076,0.9924,0,0.361661023513381,0.486621363562644,0.513378636437356,0.638338976486619,0,0,D,R,1,1
Wisconsin-08,WI-08,TBD,Wied,0.4474,0.5526,0.0475,0.9525,0,0.384411956362008,0.510390600799629,0.489609399200371,0.615588043637992,0,1,D,R,1,0
Wyoming-00,WY-AL,TBD,TBD,0.3046,0.6954,0,1,0,0.24233210309558,0.366926513237485,0.633073486762515,0.75766789690442,0,0,D,R,1,1
