ElectionName,GeographyName,DemCandidate,RepCandidate,DemEstimate,RepEstimate,DemChance,RepChance,Flip,DemLow95,DemHigh95,RepLow95,RepHigh95,DemIncumbent,RepIncumbent,DemParty,RepParty,DemConfirmed,RepConfirmed,TippingPointChance,Link
Alabama-01,AL-01,Jones,Carl,0.3649,0.6351,0,1,0,0.319029338700576,0.410740472798543,0.589259527201457,0.680970661299424,0,0,D,R,1,1,0,https://seattally.com/#/house/Alabama-01
Alabama-02,AL-02,Figures,Marques,0.4681,0.5319,0.0975,0.9025,1,0.427546808286993,0.508603530202183,0.491396469797817,0.572453191713007,1,0,D,R,1,1,0.00188,https://seattally.com/#/house/Alabama-02
Alabama-03,AL-03,McInnis,Rogers,0.3157,0.6843,0,1,0,0.268235145008873,0.363168188502221,0.636831811497779,0.731764854991127,0,1,D,R,1,1,0,https://seattally.com/#/house/Alabama-03
Alabama-04,AL-04,Pusczek,Aderholt,0.2163,0.7837,0,1,0,0.16875222873719,0.26382103572149,0.73617896427851,0.83124777126281,0,1,D,R,1,1,0,https://seattally.com/#/house/Alabama-04
Alabama-05,AL-05,Sneed,Strong,0.4053,0.5947,0.0005,0.9995,0,0.357919826330591,0.452778754517023,0.547221245482977,0.642080173669409,0,1,D,R,1,1,0,https://seattally.com/#/house/Alabama-05
Alabama-06,AL-06,Mercer,Palmer,0.3763,0.6237,0,1,0,0.334601323718565,0.417955948916179,0.582044051083821,0.665398676281435,0,1,D,R,1,1,0,https://seattally.com/#/house/Alabama-06
Alabama-07,AL-07,Sewell,Akin,0.6379,0.3621,1,0,0,0.596128607163127,0.67974231009671,0.32025768990329,0.403871392836873,1,0,D,R,1,1,0,https://seattally.com/#/house/Alabama-07
Alaska-00,AK-AL,Hill,Begich,0.4928,0.5072,0.3827,0.6173,0,0.452789715178027,0.532715205848078,0.467284794151922,0.547210284821973,0,1,I,R,1,1,0.01334,https://seattally.com/#/house/Alaska-00
Arizona-01,AZ-01,Shah,Feely,0.5273,0.4727,0.8351,0.1649,1,0.481232634687519,0.573296306165221,0.426703693834779,0.518767365312481,0,0,D,R,1,1,0.01871,https://seattally.com/#/house/Arizona-01
Arizona-02,AZ-02,Nez,Craine,0.4834,0.5166,0.2507,0.7493,0,0.442744689383562,0.524029666449851,0.475970333550149,0.557255310616438,0,1,D,R,1,1,0.00614,https://seattally.com/#/house/Arizona-02
Arizona-03,AZ-03,Ansari,Glenn,0.7547,0.2453,1,0,0,0.712412357761552,0.796893593418031,0.203106406581969,0.287587642238448,1,0,D,R,1,1,0,https://seattally.com/#/house/Arizona-03
Arizona-04,AZ-04,Stanton,Jasser,0.5648,0.4352,0.994,0.00600000000000001,0,0.522420897871498,0.607262941399983,0.392737058600017,0.477579102128502,1,0,D,R,1,1,0.00137,https://seattally.com/#/house/Arizona-04
Arizona-05,AZ-05,Lee,Lamb,0.4391,0.5609,0.0146,0.9854,0,0.393177630847485,0.485011106954136,0.514988893045863,0.606822369152515,0,0,D,R,1,1,6e-05,https://seattally.com/#/house/Arizona-05
Arizona-06,AZ-06,Mendoza,Ciscomani,0.5297,0.4703,0.8849,0.1151,1,0.488977703579307,0.570423492250564,0.429576507749436,0.511022296420693,0,1,D,R,1,1,0.0218,https://seattally.com/#/house/Arizona-06
Arizona-07,AZ-07,Grijalva,Butierez,0.6544,0.3456,1,0,0,0.606402213109526,0.702358776298792,0.297641223701208,0.393597786890474,1,0,D,R,1,1,0,https://seattally.com/#/house/Arizona-07
Arizona-08,AZ-08,Greene-Placentia,Hamadeh,0.4672,0.5328,0.0989,0.9011,0,0.425318017999422,0.509087652854484,0.490912347145516,0.574681982000578,0,1,D,R,1,1,0.00118,https://seattally.com/#/house/Arizona-08
Arizona-09,AZ-09,Sterbinsky,Gosar,0.3863,0.6137,0,1,0,0.344510946553655,0.4281332749993,0.5718667250007,0.655489053446345,0,1,D,R,1,1,0,https://seattally.com/#/house/Arizona-09
Arkansas-01,AR-01,Green,Crawford,0.3014,0.6986,0,1,0,0.259731946436449,0.343101214195072,0.656898785804928,0.740268053563551,0,1,D,R,1,1,0,https://seattally.com/#/house/Arkansas-01
Arkansas-02,AR-02,Jones,French Hill,0.4737,0.5263,0.1421,0.8579,0,0.433249577870826,0.514105896908323,0.485894103091677,0.566750422129174,0,1,D,R,1,1,0.00303,https://seattally.com/#/house/Arkansas-02
Arkansas-03,AR-03,Ryerse,Womack,0.392,0.608,0,1,0,0.35042784761196,0.433574517180142,0.566425482819858,0.64957215238804,0,1,D,R,1,1,0,https://seattally.com/#/house/Arkansas-03
Arkansas-04,AR-04,Russell,Westerman,0.3254,0.6746,0,1,0,0.283713295354618,0.367165374996185,0.632834625003815,0.716286704645382,0,1,D,R,1,1,0,https://seattally.com/#/house/Arkansas-04
California-01,CA-01,McGuire,Gallagher,0.6025,0.3975,0.9998,0.000199999999999978,1,0.55477924946888,0.650195853201158,0.349804146798842,0.44522075053112,0,1,D,R,1,1,3e-05,https://seattally.com/#/house/California-01
California-02,CA-02,Huffman,Littau,0.64,0.36,1,0,0,0.597839673503845,0.682219758203605,0.317780241796395,0.402160326496155,1,0,D,R,1,1,0,https://seattally.com/#/house/California-02
California-03,CA-03,Bera,Tucker,0.5717,0.4283,0.9973,0.00270000000000004,1,0.529323649991235,0.614157081064417,0.385842918935583,0.470676350008765,1,0,D,R,1,1,0.00058,https://seattally.com/#/house/California-03
California-04,CA-04,Thompson/Jones,N/A,1,0,1,0,0,1,1,0,0,1,0,D,,1,1,0,https://seattally.com/#/house/California-04
California-05,CA-05,Masuda,McClintock,0.4129,0.5871,0.0003,0.9997,0,0.371014360648085,0.45472901065361,0.545270989346391,0.628985639351916,0,1,D,R,1,1,0,https://seattally.com/#/house/California-05
California-06,CA-06,Pan,Kiley,0.5481,0.4519,0.9748,0.0252,0,0.50767116474277,0.588626038426707,0.411373961573293,0.49232883525723,0,1,D,I,1,1,0.00616,https://seattally.com/#/house/California-06
California-07,CA-07,Matsui/Vang,N/A,1,0,1,0,0,1,1,0,0,1,0,D,,1,1,0,https://seattally.com/#/house/California-07
California-08,CA-08,Garamendi,Recile,0.7007,0.2993,1,0,0,0.658303664362501,0.743110531962626,0.256889468037374,0.341696335637499,1,0,D,R,1,1,0,https://seattally.com/#/house/California-08
California-09,CA-09,Harder,McBride,0.5961,0.4039,0.9999,9.9999999999989e-05,0,0.553816801758561,0.638364814907907,0.361635185092093,0.446183198241439,1,0,D,R,1,1,4e-05,https://seattally.com/#/house/California-09
California-10,CA-10,DeSaulnier,Frese,0.6854,0.3146,1,0,0,0.642825299179538,0.727988345496003,0.272011654503997,0.357174700820462,1,0,D,R,1,1,0,https://seattally.com/#/house/California-10
California-11,CA-11,Wiener/Chan,N/A,1,0,1,0,0,1,1,0,0,0,0,D,,1,1,0,https://seattally.com/#/house/California-11
California-12,CA-12,Simon/Joyce,N/A,1,0,1,0,0,1,1,0,0,1,0,D,,1,1,0,https://seattally.com/#/house/California-12
California-13,CA-13,Gray,Lincoln,0.5574,0.4426,0.9874,0.0125999999999999,0,0.515202954588049,0.599561708388821,0.400438291611179,0.484797045411951,1,0,D,R,1,1,0.00321,https://seattally.com/#/house/California-13
California-14,CA-14,Wahab/Hernandez,N/A,1,0,1,0,0,1,1,0,0,1,0,D,,1,1,0,https://seattally.com/#/house/California-14
California-15,CA-15,Mullin,Hoelter,0.7493,0.2507,1,0,0,0.70656913756413,0.792024936229883,0.207975063770117,0.29343086243587,1,0,D,R,1,1,0,https://seattally.com/#/house/California-15
California-16,CA-16,Liccardo,TBD,0.7838,0.2162,1,0,0,0.735490344269952,0.832199050718867,0.167800949281133,0.264509655730048,1,0,D,R,1,1,0,https://seattally.com/#/house/California-16
California-17,CA-17,Khanna,Tandon,0.7031,0.2969,1,0,0,0.660460598513934,0.745671949863768,0.254328050136232,0.339539401486066,1,0,D,R,1,1,0,https://seattally.com/#/house/California-17
California-18,CA-18,Lofgren,Lewis,0.6686,0.3314,1,0,0,0.626330516811873,0.71084542836652,0.28915457163348,0.373669483188127,1,0,D,R,1,1,0,https://seattally.com/#/house/California-18
California-19,CA-19,Panetta,Verbica,0.7064,0.2936,1,0,0,0.663980783613789,0.748730652551107,0.251269347448893,0.336019216386211,1,0,D,R,1,1,0,https://seattally.com/#/house/California-19
California-20,CA-20,Van Scotter,Fong,0.3781,0.6219,0,1,0,0.330445886029419,0.425822159025952,0.574177840974048,0.669554113970581,0,1,D,R,1,1,0,https://seattally.com/#/house/California-20
California-21,CA-21,Costa,Kirkland,0.5622,0.4378,0.9923,0.00770000000000004,0,0.519981910000774,0.604421222985156,0.395578777014844,0.480018089999226,1,0,D,R,1,1,0.00211,https://seattally.com/#/house/California-21
California-22,CA-22,Villegas,Valadao,0.5339,0.4661,0.9138,0.0862000000000001,1,0.493035769140961,0.574789503901664,0.425210496098336,0.506964230859039,0,1,D,R,1,1,0.01668,https://seattally.com/#/house/California-22
California-23,CA-23,Hodge,Obernolte,0.4336,0.5664,0.0045,0.9955,0,0.391786030333765,0.475490504054679,0.524509495945321,0.608213969666235,0,1,D,R,1,1,2e-05,https://seattally.com/#/house/California-23
California-24,CA-24,Carbajal,Smith,0.6553,0.3447,1,0,0,0.613003923947765,0.697674362514142,0.302325637485858,0.386996076052235,1,0,D,R,1,1,0,https://seattally.com/#/house/California-24
California-25,CA-25,Ruiz,Males,0.5925,0.4075,0.9998,0.000199999999999978,0,0.550324458511148,0.634613151841748,0.365386848158252,0.449675541488852,1,0,D,R,1,1,0,https://seattally.com/#/house/California-25
California-26,CA-26,Irwin,Gallucci,0.6168,0.3832,1,0,0,0.570906929138468,0.662731570403243,0.337268429596757,0.429093070861532,0,0,D,R,1,1,0,https://seattally.com/#/house/California-26
California-27,CA-27,Whitesides,Gibbs,0.5775,0.4225,0.9987,0.00129999999999997,0,0.535276664995792,0.619738252978307,0.380261747021693,0.464723335004208,1,0,D,R,1,1,0.00029,https://seattally.com/#/house/California-27
California-28,CA-28,Chu,Verlato,0.6504,0.3496,1,0,0,0.607772474243541,0.693083165101645,0.306916834898355,0.392227525756459,1,0,D,R,1,1,0,https://seattally.com/#/house/California-28
California-29,CA-29,Rivas/Dueñas,N/A,1,0,1,0,0,1,1,0,0,1,0,D,,1,1,0,https://seattally.com/#/house/California-29
California-30,CA-30,Friedman,Meyers,0.7151,0.2849,1,0,0,0.672424946233538,0.757717105587565,0.242282894412435,0.327575053766462,1,0,D,R,1,1,0,https://seattally.com/#/house/California-30
California-31,CA-31,Cisneros,Ching,0.592,0.408,0.9998,0.000199999999999978,0,0.549752907281616,0.63432276284837,0.36567723715163,0.450247092718384,1,0,D,R,1,1,1e-05,https://seattally.com/#/house/California-31
California-32,CA-32,Sherman,Thompson,0.6521,0.3479,1,0,0,0.609585199563681,0.694701299848648,0.305298700151352,0.390414800436319,1,0,D,R,1,1,0,https://seattally.com/#/house/California-32
California-33,CA-33,Aguilar,Vargas,0.6086,0.3914,1,0,0,0.566403498890278,0.650810774256492,0.349189225743508,0.433596501109722,1,0,D,R,1,1,0,https://seattally.com/#/house/California-33
California-34,CA-34,Gomez/Gonzales-Torres,N/A,1,0,1,0,0,1,1,0,0,1,0,D,,1,1,0,https://seattally.com/#/house/California-34
California-35,CA-35,Torres,Cargile,0.5863,0.4137,0.9996,0.000399999999999956,0,0.544078514870201,0.628528042878232,0.371471957121768,0.455921485129799,1,0,D,R,1,1,3e-05,https://seattally.com/#/house/California-35
California-36,CA-36,Lieu,Brignano,0.715,0.285,1,0,0,0.672299540699202,0.757680591895062,0.242319408104938,0.327700459300798,1,0,D,R,1,1,0,https://seattally.com/#/house/California-36
California-37,CA-37,Kamlager-Dove/Mota,N/A,1,0,1,0,0,1,1,0,0,1,0,D,,1,1,0,https://seattally.com/#/house/California-37
California-38,CA-38,Solis,Casas,0.5947,0.4053,0.9996,0.000399999999999956,0,0.548610715075095,0.640758486765861,0.359241513234139,0.451389284924905,0,0,D,R,1,1,9e-05,https://seattally.com/#/house/California-38
California-39,CA-39,Takano,Manos,0.5884,0.4116,0.9997,0.000299999999999967,0,0.54619251195838,0.630618201512035,0.369381798487965,0.45380748804162,1,0,D,R,1,1,2e-05,https://seattally.com/#/house/California-39
California-40,CA-40,N/A,Calvert/Kim,0,1,0,1,0,0,0,1,1,0,1,,R,1,1,0,https://seattally.com/#/house/California-40
California-41,CA-41,Sánchez,Clemmons,0.6911,0.3089,1,0,1,0.648902793770744,0.733280032985157,0.266719967014843,0.351097206229256,1,0,D,R,1,1,0,https://seattally.com/#/house/California-41
California-42,CA-42,Garcia,Burley,0.598,0.402,0.9999,9.9999999999989e-05,0,0.5555080697161,0.640459101513574,0.359540898486426,0.4444919302839,1,0,D,R,1,1,1e-05,https://seattally.com/#/house/California-42
California-43,CA-43,Waters,Morales,0.7744,0.2256,1,0,0,0.732050294377795,0.816663483766662,0.183336516233338,0.267949705622205,1,0,D,R,1,1,0,https://seattally.com/#/house/California-43
California-44,CA-44,Barragán,Genevieve,0.7341,0.2659,1,0,0,0.691893662151201,0.776375490683588,0.223624509316412,0.308106337848799,1,0,D,R,1,1,0,https://seattally.com/#/house/California-44
California-45,CA-45,Tran,Vo,0.5343,0.4657,0.9075,0.0925,0,0.491713459064941,0.576967898081238,0.423032101918762,0.508286540935059,1,0,D,R,1,1,0.01532,https://seattally.com/#/house/California-45
California-46,CA-46,Correa,Pan,0.6376,0.3624,1,0,0,0.595322465906043,0.679814546387566,0.320185453612434,0.404677534093957,1,0,D,R,1,1,0,https://seattally.com/#/house/California-46
California-47,CA-47,Min,Le Roux,0.5684,0.4316,0.9958,0.00419999999999998,0,0.525753394714719,0.611038021164581,0.388961978835419,0.474246605285281,1,0,D,R,1,1,0.00133,https://seattally.com/#/house/California-47
California-48,CA-48,von Wilpert,Desmond,0.5419,0.4581,0.9485,0.0515,1,0.499639041653006,0.584108290492666,0.415891709507334,0.500360958346994,0,0,D,R,1,1,0.01012,https://seattally.com/#/house/California-48
California-49,CA-49,Levin,Kurdian,0.5725,0.4275,0.9975,0.00249999999999995,0,0.53009984764853,0.614879686457712,0.385120313542288,0.46990015235147,1,0,D,R,1,1,0.0005,https://seattally.com/#/house/California-49
California-50,CA-50,Peters,Cohen,0.6051,0.3949,1,0,0,0.562492832998507,0.647803630286472,0.352196369713528,0.437507167001493,1,0,D,R,1,1,0,https://seattally.com/#/house/California-50
California-51,CA-51,Jacobs,Cabrera,0.6058,0.3942,1,0,0,0.563379148278743,0.648123958537002,0.351876041462998,0.436620851721257,1,0,D,R,1,1,0,https://seattally.com/#/house/California-51
California-52,CA-52,Vargas,Belle,0.653,0.347,1,0,0,0.610675039738826,0.695371300765009,0.304628699234991,0.389324960261174,1,0,D,R,1,1,0,https://seattally.com/#/house/California-52
Colorado-01,CO-01,Kiros,Peterson,0.841,0.159,1,0,0,0.795120740705058,0.886947331902877,0.113052668097123,0.204879259294942,0,0,D,R,1,1,0,https://seattally.com/#/house/Colorado-01
Colorado-02,CO-02,Neguse,Dennison,0.7414,0.2586,1,0,0,0.699282226400248,0.783577961453714,0.216422038546286,0.300717773599752,1,0,D,R,1,1,0,https://seattally.com/#/house/Colorado-02
Colorado-03,CO-03,Romero,Hurd,0.5107,0.4893,0.6664,0.3336,1,0.469783180871707,0.551608301727868,0.448391698272132,0.530216819128293,0,1,D,R,1,1,0.02466,https://seattally.com/#/house/Colorado-03
Colorado-04,CO-04,Laubacher,Boebert,0.4792,0.5208,0.2047,0.7953,0,0.437651436594174,0.52069560110639,0.47930439889361,0.562348563405826,0,1,D,R,1,1,0.0044,https://seattally.com/#/house/Colorado-04
Colorado-05,CO-05,Killin,Crank,0.4827,0.5173,0.2422,0.7578,0,0.441975773336022,0.523412060109528,0.476587939890472,0.558024226663978,0,1,D,R,1,1,0.00666,https://seattally.com/#/house/Colorado-05
Colorado-06,CO-06,Crow,Clark,0.6399,0.3601,1,0,0,0.597547670137243,0.6823344567008,0.3176655432992,0.402452329862757,1,0,D,R,1,1,0,https://seattally.com/#/house/Colorado-06
Colorado-07,CO-07,Pettersen,Bennett,0.6125,0.3875,1,0,0,0.570192837869244,0.654713510789684,0.345286489210316,0.429807162130756,1,0,D,R,1,1,0,https://seattally.com/#/house/Colorado-07
Colorado-08,CO-08,Rutinel,Evans,0.534,0.466,0.9152,0.0848,1,0.4932712747707,0.574747056612762,0.425252943387238,0.5067287252293,0,1,D,R,1,1,0.01618,https://seattally.com/#/house/Colorado-08
Connecticut-01,CT-01,Bronin,Chai,0.6498,0.3502,1,0,0,0.604058123738289,0.695514879233752,0.304485120766248,0.395941876261711,0,0,D,R,1,1,0,https://seattally.com/#/house/Connecticut-01
Connecticut-02,CT-02,Courtney,Austin,0.5963,0.4037,0.9999,9.9999999999989e-05,0,0.554480749462122,0.638076328426608,0.361923671573392,0.445519250537878,1,0,D,R,1,1,0,https://seattally.com/#/house/Connecticut-02
Connecticut-03,CT-03,DeLauro,Lancia,0.6058,0.3942,1,0,0,0.563924227260114,0.647662018606556,0.352337981393444,0.436075772739886,1,0,D,R,1,1,0,https://seattally.com/#/house/Connecticut-03
Connecticut-04,CT-04,Himes,Goldstein,0.6458,0.3542,1,0,0,0.603623493242368,0.688051202834601,0.311948797165399,0.396376506757632,1,0,D,R,1,1,0,https://seattally.com/#/house/Connecticut-04
Connecticut-05,CT-05,Hayes,Shea,0.5558,0.4442,0.9861,0.0139,0,0.514112949076886,0.597558312850312,0.402441687149688,0.485887050923114,1,0,D,R,1,1,0.00245,https://seattally.com/#/house/Connecticut-05
Delaware-00,DE-AL,McBride,Arminio,0.5999,0.4001,1,0,0,0.55802455407892,0.641819512064649,0.358180487935351,0.44197544592108,1,0,D,R,1,1,0,https://seattally.com/#/house/Delaware-00
Florida-01,FL-01,Valimont,Patronis,0.3593,0.6407,0,1,0,0.31169616144209,0.406985684401336,0.593014315598664,0.68830383855791,0,1,D,R,1,1,0,https://seattally.com/#/house/Florida-01
Florida-02,FL-02,Green,Rogers,0.4599,0.5401,0.0745,0.9255,0,0.414226948241108,0.505601946002955,0.494398053997045,0.585773051758892,0,0,D,R,1,1,0.00156,https://seattally.com/#/house/Florida-02
Florida-03,FL-03,Harp,Cammack,0.4376,0.5624,0.0067,0.9933,0,0.39599468009516,0.479140586978855,0.520859413021145,0.60400531990484,0,1,D,R,1,1,2e-05,https://seattally.com/#/house/Florida-03
Florida-04,FL-04,Holloway,Bean,0.4778,0.5222,0.1914,0.8086,0,0.43596381491821,0.519644994265811,0.480355005734189,0.56403618508179,0,1,D,R,1,1,0.00474,https://seattally.com/#/house/Florida-04
Florida-05,FL-05,Grage,Rutherford,0.428,0.572,0.0023,0.9977,0,0.386306898637481,0.469771463262002,0.530228536737998,0.613693101362519,0,1,D,R,1,1,0,https://seattally.com/#/house/Florida-05
Florida-06,FL-06,Yonce,Fine,0.393,0.607,0.0001,0.9999,0,0.345511336952055,0.440425819315117,0.559574180684883,0.654488663047945,0,1,D,R,1,1,0,https://seattally.com/#/house/Florida-06
Florida-07,FL-07,Dalton,Elijah,0.4833,0.5167,0.2739,0.7261,0,0.437655621722269,0.528980512840473,0.471019487159527,0.562344378277731,0,0,D,R,1,1,0.00811,https://seattally.com/#/house/Florida-07
Florida-08,FL-08,Jenkins,Haridopolos,0.4538,0.5462,0.0311,0.9689,0,0.41303460139958,0.494543266242207,0.505456733757793,0.58696539860042,0,1,D,R,1,1,7e-05,https://seattally.com/#/house/Florida-08
Florida-09,FL-09,Soto,Green,0.4769,0.5231,0.1772,0.8228,1,0.435750320256166,0.517968861384324,0.482031138615676,0.564249679743834,1,0,D,R,1,1,0.00433,https://seattally.com/#/house/Florida-09
Florida-10,FL-10,Frost,N/A,1,0,1,0,0,1,1,0,0,1,0,D,,1,1,0,https://seattally.com/#/house/Florida-10
Florida-11,FL-11,Pericola,Strada,0.4668,0.5332,0.1007,0.8993,0,0.423962559014099,0.509566117993198,0.490433882006802,0.576037440985901,0,0,D,R,1,1,0.00154,https://seattally.com/#/house/Florida-11
Florida-12,FL-12,Overman,Bilirakis,0.4461,0.5539,0.0167,0.9833,0,0.404407352254189,0.487791232616951,0.512208767383049,0.595592647745811,0,1,D,R,1,1,6e-05,https://seattally.com/#/house/Florida-12
Florida-13,FL-13,Gray,Luna,0.4847,0.5153,0.2677,0.7323,0,0.444208843757424,0.525255168549452,0.474744831450548,0.555791156242576,0,1,D,R,1,1,0.00645,https://seattally.com/#/house/Florida-13
Florida-14,FL-14,Castor,Beltran,0.5142,0.4858,0.715,0.285,0,0.473035094654818,0.555405095409048,0.444594904590952,0.526964905345182,1,0,D,R,1,1,0.02449,https://seattally.com/#/house/Florida-14
Florida-15,FL-15,People,Lee,0.4418,0.5582,0.0108,0.9892,0,0.400135985229872,0.483461117060346,0.516538882939654,0.599864014770128,0,1,D,R,1,1,2e-05,https://seattally.com/#/house/Florida-15
Florida-16,FL-16,Kirschner,Gruters,0.4753,0.5247,0.1698,0.8302,0,0.432690684540255,0.517862592956315,0.482137407043685,0.567309315459745,0,0,D,R,1,1,0.00331,https://seattally.com/#/house/Florida-16
Florida-17,FL-17,Montavon,Steube,0.4205,0.5795,0.0008,0.9992,0,0.378835043917149,0.462127269794036,0.537872730205964,0.621164956082851,0,1,D,R,1,1,0,https://seattally.com/#/house/Florida-17
Florida-18,FL-18,Gibson,Franklin,0.4587,0.5413,0.0517,0.9483,0,0.416942267654559,0.500414350238392,0.499585649761608,0.583057732345441,0,1,D,R,1,1,0.00039,https://seattally.com/#/house/Florida-18
Florida-19,FL-19,Arias,Schwartzel,0.3911,0.6089,0,1,0,0.345441072341013,0.436801297368083,0.563198702631917,0.654558927658987,0,0,D,R,1,1,0,https://seattally.com/#/house/Florida-19
Florida-20,FL-20,Wasserman Schultz,Andersen,0.7286,0.2714,1,0,0,0.686462735816952,0.770797772936083,0.229202227063917,0.313537264183048,1,0,D,R,1,1,0,https://seattally.com/#/house/Florida-20
Florida-21,FL-21,Martin,Mast,0.4383,0.5617,0.0074,0.9926,0,0.39671870856083,0.479972032224084,0.520027967775916,0.60328129143917,0,1,D,R,1,1,3e-05,https://seattally.com/#/house/Florida-21
Florida-22,FL-22,Dandiya,Askar,0.4907,0.5093,0.3578,0.6422,1,0.448739415821055,0.532669978045032,0.467330021954968,0.551260584178945,0,0,D,R,1,1,0.01151,https://seattally.com/#/house/Florida-22
Florida-23,FL-23,Frankel,Adeimy,0.6142,0.3858,1,0,0,0.572251356179745,0.656058303862961,0.343941696137039,0.427748643820255,1,0,D,R,1,1,0,https://seattally.com/#/house/Florida-23
Florida-24,FL-24,Gilbert,Te Brown,0.7408,0.2592,1,0,0,0.694729961564665,0.786811978403409,0.213188021596591,0.305270038435335,0,0,D,R,1,1,0,https://seattally.com/#/house/Florida-24
Florida-25,FL-25,Moskowitz,Singer,0.5004,0.4996,0.5071,0.4929,0,0.459061137245349,0.541830091169421,0.458169908830579,0.540938862754651,1,0,D,R,1,1,0.01883,https://seattally.com/#/house/Florida-25
Florida-26,FL-26,Locklin,Díaz-Balart,0.4345,0.5655,0.005,0.995,0,0.392640987167641,0.476269761970865,0.523730238029135,0.607359012832359,0,1,D,R,1,1,0,https://seattally.com/#/house/Florida-26
Florida-27,FL-27,Rodriguez,Salazar,0.4589,0.5411,0.0474,0.9526,0,0.418392762275615,0.499370494866386,0.500629505133614,0.581607237724385,0,1,D,R,1,1,0.00045,https://seattally.com/#/house/Florida-27
Florida-28,FL-28,Ehr,Giménez,0.4107,0.5893,0.0002,0.9998,0,0.368797981434814,0.452502592440551,0.547497407559449,0.631202018565186,0,1,D,R,1,1,0,https://seattally.com/#/house/Florida-28
Georgia-01,GA-01,Hollowell,Kingston,0.4687,0.5313,0.1302,0.8698,0,0.422993708704613,0.514439607747414,0.485560392252586,0.577006291295387,0,0,D,R,1,1,0.00346,https://seattally.com/#/house/Georgia-01
Georgia-02,GA-02,Bishop,Day,0.5893,0.4107,0.9998,0.000199999999999978,0,0.547490508069908,0.631040980667168,0.368959019332832,0.452509491930092,1,0,D,R,1,1,8e-05,https://seattally.com/#/house/Georgia-02
Georgia-03,GA-03,Keller,Jack,0.3885,0.6115,0,1,0,0.34681849926818,0.430146002079524,0.569853997920476,0.65318150073182,0,1,D,R,1,1,0,https://seattally.com/#/house/Georgia-03
Georgia-04,GA-04,Johnson,Duffie,0.7894,0.2106,1,0,0,0.747549314678369,0.831345755416081,0.168654244583919,0.252450685321631,1,0,D,R,1,1,0,https://seattally.com/#/house/Georgia-04
Georgia-05,GA-05,Williams,Salvensen,0.8941,0.1059,1,0,0,0.85213364791229,0.936042539429509,0.0639574605704915,0.14786635208771,1,0,D,R,1,1,0,https://seattally.com/#/house/Georgia-05
Georgia-06,GA-06,McBath,Martin,0.7545,0.2455,1,0,0,0.71268088769438,0.796362096851427,0.203637903148573,0.28731911230562,1,0,D,R,1,1,0,https://seattally.com/#/house/Georgia-06
Georgia-07,GA-07,Kozycki,McCormick,0.4105,0.5895,0.0002,0.9998,0,0.369527461676664,0.451498262630724,0.548501737369276,0.630472538323336,0,1,D,R,1,1,0,https://seattally.com/#/house/Georgia-07
Georgia-08,GA-08,Esti,Scott,0.3723,0.6277,0,1,0,0.330645049589138,0.413963149041795,0.586036850958205,0.669354950410862,0,1,D,R,1,1,0,https://seattally.com/#/house/Georgia-08
Georgia-09,GA-09,Gegen,Clyde,0.3628,0.6372,0,1,0,0.320963039863233,0.404575008428625,0.595424991571375,0.679036960136767,0,1,D,R,1,1,0,https://seattally.com/#/house/Georgia-09
Georgia-10,GA-10,Delancy,Gaines,0.4455,0.5545,0.0247,0.9753,0,0.399835211937948,0.491112233824489,0.508887766175511,0.600164788062052,0,0,D,R,1,1,0.00034,https://seattally.com/#/house/Georgia-10
Georgia-11,GA-11,Harden,Cowan,0.4424,0.5576,0.0146,0.9854,0,0.398929382393039,0.485849585072443,0.514150414927557,0.601070617606961,0,0,D,R,1,1,4e-05,https://seattally.com/#/house/Georgia-11
Georgia-12,GA-12,Smith,Allen,0.4556,0.5444,0.0395,0.9605,0,0.413997762245839,0.497194334567311,0.502805665432688,0.586002237754161,0,1,D,R,1,1,0.00035,https://seattally.com/#/house/Georgia-12
Georgia-13,GA-13,Clark,Chavez,0.7582,0.2418,1,0,0,0.712440350658466,0.803877812113491,0.196122187886509,0.287559649341534,0,0,D,R,1,1,0,https://seattally.com/#/house/Georgia-13
Georgia-14,GA-14,Harris,Fuller,0.3672,0.6328,0,1,0,0.319663518914011,0.414754045464492,0.585245954535508,0.680336481085989,0,1,D,R,1,1,0,https://seattally.com/#/house/Georgia-14
Hawaii-01,HI-01,Case,Lam,0.706,0.294,1,0,0,0.662936264173868,0.749114736466738,0.250885263533262,0.337063735826132,1,0,D,R,1,1,0,https://seattally.com/#/house/Hawaii-01
Hawaii-02,HI-02,Tokuda,Awa,0.68,0.32,1,0,0,0.637044734573762,0.722962218204175,0.277037781795825,0.362955265426238,1,0,D,R,1,1,0,https://seattally.com/#/house/Hawaii-02
Idaho-01,ID-01,Peterson,Fulcher,0.336,0.664,0,1,0,0.295478826066454,0.376495632055685,0.623504367944315,0.704521173933546,0,1,D,R,1,1,0,https://seattally.com/#/house/Idaho-01
Idaho-02,ID-02,Gilbreath,Simpson,0.4014,0.5986,0,1,0,0.360032715916272,0.442813332745733,0.557186667254267,0.639967284083728,0,1,D,R,1,1,0,https://seattally.com/#/house/Idaho-02
Illinois-01,IL-01,Jackson,Maxwell,0.682,0.318,1,0,0,0.639502568414822,0.72445552387669,0.27554447612331,0.360497431585178,1,0,D,R,1,1,0,https://seattally.com/#/house/Illinois-01
Illinois-02,IL-02,Miller,Noack,0.7041,0.2959,1,0,0,0.657928467292047,0.750325142297853,0.249674857702147,0.342071532707953,0,0,D,R,1,1,0,https://seattally.com/#/house/Illinois-02
Illinois-03,IL-03,Ramirez,Oakley,0.6954,0.3046,1,0,0,0.653175552274204,0.737615359758621,0.262384640241379,0.346824447725796,1,0,D,R,1,1,0,https://seattally.com/#/house/Illinois-03
Illinois-04,IL-04,Garcia,Castillo,0.6863,0.3137,1,0,0,0.642909259803466,0.729692997679855,0.270307002320145,0.357090740196534,0,0,D,R,1,1,0,https://seattally.com/#/house/Illinois-04
Illinois-05,IL-05,Quigley,Hanson,0.7154,0.2846,1,0,0,0.673129517757041,0.757656439711105,0.242343560288895,0.326870482242959,1,0,D,R,1,1,0,https://seattally.com/#/house/Illinois-05
Illinois-06,IL-06,Casten,Conforti,0.5624,0.4376,0.9926,0.00739999999999996,0,0.520287313695002,0.604444527744617,0.395555472255383,0.479712686304998,1,0,D,R,1,1,0.0014,https://seattally.com/#/house/Illinois-06
Illinois-07,IL-07,Ford,Koppie,0.8688,0.1312,1,0,0,0.822546191960576,0.915098822596017,0.0849011774039831,0.177453808039424,0,0,D,R,1,1,0,https://seattally.com/#/house/Illinois-07
Illinois-08,IL-08,Bean,Davis,0.5674,0.4326,0.992,0.00800000000000001,0,0.521391021618002,0.61339298304859,0.38660701695141,0.478608978381998,0,0,D,R,1,1,0.0016,https://seattally.com/#/house/Illinois-08
Illinois-09,IL-09,Biss,Elleson,0.7187,0.2813,1,0,0,0.672432431917129,0.764936579933635,0.235063420066365,0.327567568082871,0,0,D,R,1,1,0,https://seattally.com/#/house/Illinois-09
Illinois-10,IL-10,Shneider,Lambrecht,0.6326,0.3674,1,0,0,0.590307295389061,0.674818177340882,0.325181822659118,0.409692704610939,1,0,D,R,1,1,0,https://seattally.com/#/house/Illinois-10
Illinois-11,IL-11,Foster,Walter,0.5822,0.4178,0.9993,0.000700000000000034,0,0.540073919980625,0.624249313964458,0.375750686035542,0.459926080019375,1,0,D,R,1,1,0.00016,https://seattally.com/#/house/Illinois-11
Illinois-12,IL-12,Fortier,Bost,0.3111,0.6889,0,1,0,0.269548529276596,0.352688373630469,0.647311626369532,0.730451470723404,0,1,D,R,1,1,0,https://seattally.com/#/house/Illinois-12
Illinois-13,IL-13,Budzinski,Wilson,0.6026,0.3974,1,0,0,0.560534582967095,0.644715538727904,0.355284461272096,0.439465417032905,1,0,D,R,1,1,1e-05,https://seattally.com/#/house/Illinois-13
Illinois-14,IL-14,Underwood,Marter,0.5707,0.4293,0.9972,0.00280000000000002,0,0.528686453097463,0.612696085361033,0.387303914638967,0.471313546902537,1,0,D,R,1,1,0.00056,https://seattally.com/#/house/Illinois-14
Illinois-15,IL-15,Todd,Miller,0.3416,0.6584,0,1,0,0.294124799095957,0.388989669205024,0.611010330794976,0.705875200904043,0,1,D,R,1,1,0,https://seattally.com/#/house/Illinois-15
Illinois-16,IL-16,Nolley,LaHood,0.4266,0.5734,0.0054,0.9946,0,0.379177656236388,0.473961570727449,0.526038429272551,0.620822343763612,0,1,D,R,1,1,1e-05,https://seattally.com/#/house/Illinois-16
Illinois-17,IL-17,Sorensen,Vancil,0.5642,0.4358,0.994,0.00600000000000001,0,0.522135585122723,0.606187164400551,0.393812835599449,0.477864414877277,1,0,D,R,1,1,0.00151,https://seattally.com/#/house/Illinois-17
Indiana-01,IN-01,Mrvan,Regnitz,0.5572,0.4428,0.9875,0.0125,0,0.515210246914719,0.599239727109265,0.400760272890735,0.484789753085281,1,0,D,R,1,1,0.00272,https://seattally.com/#/house/Indiana-01
Indiana-02,IN-02,Decio,Yakym,0.4025,0.5975,0.0001,0.9999,0,0.3611710794567,0.443818924263515,0.556181075736485,0.6388289205433,0,1,D,R,1,1,0,https://seattally.com/#/house/Indiana-02
Indiana-03,IN-03,Thompson,Stutzman,0.3702,0.6298,0,1,0,0.328905069064743,0.411468518615912,0.588531481384088,0.671094930935257,0,1,D,R,1,1,0,https://seattally.com/#/house/Indiana-03
Indiana-04,IN-04,Cox,Baird,0.379,0.621,0,1,0,0.337686056971897,0.420377847398811,0.579622152601189,0.662313943028104,0,1,D,R,1,1,0,https://seattally.com/#/house/Indiana-04
Indiana-05,IN-05,Ford,Spartz,0.4562,0.5438,0.0387,0.9613,0,0.415480047841345,0.497016590171328,0.502983409828672,0.584519952158655,0,1,D,R,1,1,0.00017,https://seattally.com/#/house/Indiana-05
Indiana-06,IN-06,Wirth,Shreve,0.3734,0.6266,0,1,0,0.332060667405028,0.414678203130901,0.585321796869099,0.667939332594972,0,1,D,R,1,1,0,https://seattally.com/#/house/Indiana-06
Indiana-07,IN-07,Carson,McAuley,0.7351,0.2649,1,0,0,0.692951309614691,0.777295469691129,0.222704530308871,0.307048690385309,1,0,D,R,1,1,0,https://seattally.com/#/house/Indiana-07
Indiana-08,IN-08,Allen,Messmer,0.3502,0.6498,0,1,0,0.30883802372289,0.391648076276012,0.608351923723988,0.69116197627711,0,1,D,R,1,1,0,https://seattally.com/#/house/Indiana-08
Indiana-09,IN-09,Meyer,Houchin,0.3892,0.6108,0,1,0,0.347886891527991,0.430605567831591,0.569394432168409,0.652113108472009,0,1,D,R,1,1,0,https://seattally.com/#/house/Indiana-09
Iowa-01,IA-01,Bohannan,Miller-Meeks,0.5349,0.4651,0.9218,0.0782,1,0.494383174782219,0.575448339204028,0.424551660795972,0.505616825217781,0,1,D,R,1,1,0.01752,https://seattally.com/#/house/Iowa-01
Iowa-02,IA-02,James,Mitchell,0.494,0.506,0.4073,0.5927,0,0.451890077084096,0.536100978721745,0.463899021278255,0.548109922915904,0,0,D,R,1,1,0.014,https://seattally.com/#/house/Iowa-02
Iowa-03,IA-03,Garriott,Nunn,0.5253,0.4747,0.8472,0.1528,1,0.484657015977346,0.565988568595673,0.434011431404327,0.515342984022654,0,1,D,R,1,1,0.02398,https://seattally.com/#/house/Iowa-03
Iowa-04,IA-04,Dawson,McGowan,0.3847,0.6153,0,1,0,0.339102663211183,0.43024959879751,0.56975040120249,0.660897336788817,0,0,D,R,1,1,0,https://seattally.com/#/house/Iowa-04
Kansas-01,KS-01,Reinhold,Mann,0.3677,0.6323,0,1,0,0.326224058824239,0.40912343476194,0.59087656523806,0.673775941175761,0,1,D,R,1,1,0,https://seattally.com/#/house/Kansas-01
Kansas-02,KS-02,Coover,Schmidt,0.4437,0.5563,0.0128,0.9872,0,0.402124330420603,0.485189234304163,0.514810765695837,0.597875669579397,0,1,D,R,1,1,3e-05,https://seattally.com/#/house/Kansas-02
Kansas-03,KS-03,Davids,Jenkins,0.5798,0.4202,0.9991,0.000900000000000012,0,0.537736161600796,0.621959895377832,0.378040104622168,0.462263838399204,1,0,D,R,1,1,0.00019,https://seattally.com/#/house/Kansas-03
Kansas-04,KS-04,Tyndell,Estes,0.4059,0.5941,0.0001,0.9999,0,0.364428286801461,0.447296999810911,0.552703000189089,0.635571713198539,0,1,D,R,1,1,0,https://seattally.com/#/house/Kansas-04
Kentucky-01,KY-01,Williams,Comer,0.3049,0.6951,0,1,0,0.263384217523853,0.346401260109998,0.653598739890002,0.736615782476147,0,1,D,R,1,1,0,https://seattally.com/#/house/Kentucky-01
Kentucky-02,KY-02,Wingfield,Guthrie,0.3242,0.6758,0,1,0,0.282785746780764,0.365713876174372,0.634286123825628,0.717214253219236,0,1,D,R,1,1,0,https://seattally.com/#/house/Kentucky-02
Kentucky-03,KY-03,McGarvey,Rodriguez,0.6433,0.3567,1,0,0,0.601268419013345,0.685316359676236,0.314683640323764,0.398731580986655,1,0,D,R,1,1,0,https://seattally.com/#/house/Kentucky-03
Kentucky-04,KY-04,Strange,Gallrein,0.3664,0.6336,0,1,0,0.32083453756339,0.412018631214648,0.587981368785352,0.67916546243661,0,0,D,R,1,1,0,https://seattally.com/#/house/Kentucky-04
Kentucky-05,KY-05,Pillersdorf,Rogers,0.2251,0.7749,0,1,0,0.177743519784451,0.272471728894094,0.727528271105906,0.822256480215549,0,1,D,R,1,1,0,https://seattally.com/#/house/Kentucky-05
Kentucky-06,KY-06,Dembo,Alvarado,0.475,0.525,0.1634,0.8366,0,0.433187529873513,0.516904514451285,0.483095485548715,0.566812470126487,0,0,D,R,1,1,0.00373,https://seattally.com/#/house/Kentucky-06
Louisiana-01,LA-01,TBD,Scalise,0.3128,0.6872,0,1,0,0.270834407433466,0.354838245156842,0.645161754843158,0.729165592566534,0,1,D,R,1,0,0,https://seattally.com/#/house/Louisiana-01
Louisiana-02,LA-02,Carter,N/A,1,0,1,0,0,1,1,0,0,1,0,D,,0,1,0,https://seattally.com/#/house/Louisiana-02
Louisiana-03,LA-03,TBD,Higgins,0.3289,0.6711,0,1,0,0.286976491656948,0.370902351518501,0.629097648481499,0.713023508343052,0,1,D,R,1,0,0,https://seattally.com/#/house/Louisiana-03
Louisiana-04,LA-04,TBD,Johnson,0.4026,0.5974,0.0004,0.9996,0,0.354892452160362,0.450336727286733,0.549663272713267,0.645107547839638,0,1,D,R,1,0,0,https://seattally.com/#/house/Louisiana-04
Louisiana-05,LA-05,TBD,TBD,0.3727,0.6273,0,1,0,0.326984155511417,0.418506139017778,0.581493860982222,0.673015844488583,0,0,D,R,1,1,0,https://seattally.com/#/house/Louisiana-05
Louisiana-06,LA-06,Fields,TBD,0.407,0.593,0.0001,0.9999,1,0.364841150830999,0.449110098234798,0.550889901765202,0.635158849169001,1,0,D,R,0,1,0,https://seattally.com/#/house/Louisiana-06
Maine-01,ME-01,Pingree,Russell,0.6364,0.3636,1,0,0,0.595808473855018,0.676938034942616,0.323061965057384,0.404191526144982,1,0,D,R,1,1,0,https://seattally.com/#/house/Maine-01
Maine-02,ME-02,Dunlap,LePage,0.4922,0.5078,0.3767,0.6233,1,0.451213602242665,0.53313705572863,0.46686294427137,0.548786397757335,0,0,D,R,1,1,0.01239,https://seattally.com/#/house/Maine-02
Maryland-01,MD-01,Schwartz,Harris,0.432,0.568,0.0031,0.9969,0,0.391171948359706,0.472804767404592,0.527195232595408,0.608828051640294,0,1,D,R,1,1,0,https://seattally.com/#/house/Maryland-01
Maryland-02,MD-02,Olszewsk,Wallace,0.62,0.38,1,0,0,0.578073524843939,0.661944067135697,0.338055932864303,0.421926475156061,1,0,D,R,1,1,0,https://seattally.com/#/house/Maryland-02
Maryland-03,MD-03,Elfreth,Flowers,0.638,0.362,1,0,0,0.595992294022764,0.679974218890206,0.320025781109794,0.404007705977236,1,0,D,R,1,1,0,https://seattally.com/#/house/Maryland-03
Maryland-04,MD-04,Ivey,McDermott,0.9061,0.0939,1,0,0,0.864045131263612,0.948150095580352,0.0518499044196481,0.135954868736388,1,0,D,R,1,1,0,https://seattally.com/#/house/Maryland-04
Maryland-05,MD-05,Boafo,Chaffee,0.7073,0.2927,1,0,0,0.661637531922861,0.75301030074428,0.24698969925572,0.338362468077139,0,0,D,R,1,1,0,https://seattally.com/#/house/Maryland-05
Maryland-06,MD-06,McClain Delaney,Ficker,0.5566,0.4434,0.9865,0.0135,0,0.514475226024442,0.598686541692104,0.401313458307896,0.485524773975558,1,0,D,R,1,1,0.00351,https://seattally.com/#/house/Maryland-06
Maryland-07,MD-07,Mfume,Collier,0.8394,0.1606,1,0,0,0.797034118732652,0.881682610524193,0.118317389475807,0.202965881267348,1,0,D,R,1,1,0,https://seattally.com/#/house/Maryland-07
Maryland-08,MD-08,Raskin,Riley,0.8135,0.1865,1,0,0,0.771249372397552,0.855820988213524,0.144179011786476,0.228750627602448,1,0,D,R,1,1,0,https://seattally.com/#/house/Maryland-08
Massachusetts-01,MA-01,Neal,N/A,1,0,1,0,0,1,1,0,0,1,0,D,,1,1,0,https://seattally.com/#/house/Massachusetts-01
Massachusetts-02,MA-02,McGovern,N/A,1,0,1,0,0,1,1,0,0,1,0,D,,1,1,0,https://seattally.com/#/house/Massachusetts-02
Massachusetts-03,MA-03,Trahan,Grossi,0.6289,0.3711,1,0,0,0.581109784741815,0.67673141554631,0.32326858445369,0.418890215258185,1,0,D,R,1,1,0,https://seattally.com/#/house/Massachusetts-03
Massachusetts-04,MA-04,Auchincloss,Stalcup,0.6363,0.3637,1,0,0,0.588508649264717,0.684009924103957,0.315990075896043,0.411491350735283,1,0,D,R,1,1,0,https://seattally.com/#/house/Massachusetts-04
Massachusetts-05,MA-05,Clark,N/A,1,0,1,0,0,1,1,0,0,1,0,D,,1,1,0,https://seattally.com/#/house/Massachusetts-05
Massachusetts-06,MA-06,Koh,Jones,0.6414,0.3586,1,0,0,0.595863183637513,0.687022851703041,0.312977148296959,0.404136816362487,0,0,D,R,1,1,0,https://seattally.com/#/house/Massachusetts-06
Massachusetts-07,MA-07,Pressley,N/A,1,0,1,0,0,1,1,0,0,1,0,D,,1,1,0,https://seattally.com/#/house/Massachusetts-07
Massachusetts-08,MA-08,Lynch,Burke,0.7034,0.2966,1,0,0,0.661304885735851,0.7455439012259,0.2544560987741,0.338695114264149,1,0,D,R,1,1,0,https://seattally.com/#/house/Massachusetts-08
Massachusetts-09,MA-09,Keating,MacAllister,0.5807,0.4193,0.9993,0.000700000000000034,0,0.53890852727988,0.622458163347022,0.377541836652978,0.46109147272012,1,0,D,R,1,1,8e-05,https://seattally.com/#/house/Massachusetts-09
Michigan-01,MI-01,Barr,Bergman,0.4454,0.5546,0.0156,0.9844,0,0.403704501555462,0.487105080819946,0.512894919180054,0.596295498444538,0,1,D,R,1,1,2e-05,https://seattally.com/#/house/Michigan-01
Michigan-02,MI-02,Ambrose,Moolenaar,0.3753,0.6247,0,1,0,0.33387688405031,0.416712865869795,0.583287134130205,0.66612311594969,0,1,D,R,1,1,0,https://seattally.com/#/house/Michigan-02
Michigan-03,MI-03,Scholten,DeBoer,0.5767,0.4233,0.9987,0.00129999999999997,0,0.534763575165834,0.618722705845486,0.381277294154514,0.465236424834166,1,0,D,R,1,1,0.00027,https://seattally.com/#/house/Michigan-03
Michigan-04,MI-04,McCann,Huizenga,0.4946,0.5054,0.4123,0.5877,0,0.454263558042447,0.534877938007674,0.465122061992326,0.545736441957553,0,1,D,R,1,1,0.01376,https://seattally.com/#/house/Michigan-04
Michigan-05,MI-05,Vukasovich,Walberg,0.3825,0.6175,0,1,0,0.341162255267011,0.423837946371297,0.576162053628703,0.658837744732989,0,1,D,R,1,1,0,https://seattally.com/#/house/Michigan-05
Michigan-06,MI-06,Dingell,Smiley,0.6585,0.3415,1,0,0,0.616129147880891,0.700821816198455,0.299178183801545,0.383870852119109,1,0,D,R,1,1,0,https://seattally.com/#/house/Michigan-06
Michigan-07,MI-07,Lawrence,Barrett,0.5212,0.4788,0.8059,0.1941,1,0.480776683790212,0.561639531724779,0.438360468275221,0.519223316209788,0,1,D,R,1,1,0.02503,https://seattally.com/#/house/Michigan-07
Michigan-08,MI-08,McDonald Rivet,Smith,0.5478,0.4522,0.9696,0.0304,0,0.505858708141011,0.589675307354965,0.410324692645035,0.494141291858989,1,0,D,R,1,1,0.00676,https://seattally.com/#/house/Michigan-08
Michigan-09,MI-09,Pooley,McClain,0.3561,0.6439,0,1,0,0.314706133239743,0.397414112017335,0.602585887982666,0.685293866760257,0,1,D,R,1,1,0,https://seattally.com/#/house/Michigan-09
Michigan-10,MI-10,Hines,Bouchard,0.5012,0.4988,0.5183,0.4817,1,0.459048204918121,0.543306845501626,0.456693154498374,0.540951795081879,0,0,D,R,1,1,0.01937,https://seattally.com/#/house/Michigan-10
Michigan-11,MI-11,Moss,Baker,0.6187,0.3813,1,0,0,0.572748394703151,0.66465187519268,0.33534812480732,0.427251605296849,0,0,D,R,1,1,0,https://seattally.com/#/house/Michigan-11
Michigan-12,MI-12,Tlaib,Hooper,0.7444,0.2556,1,0,0,0.702012494724184,0.78674400046914,0.21325599953086,0.297987505275816,1,0,D,R,1,1,0,https://seattally.com/#/house/Michigan-12
Michigan-13,MI-13,McKinney,Nykoriak,0.746,0.254,1,0,0,0.6999545570534,0.792130874114339,0.207869125885661,0.3000454429466,0,0,D,R,1,1,0,https://seattally.com/#/house/Michigan-13
Minnesota-01,MN-01,Johnson,Finstad,0.4686,0.5314,0.0998,0.9002,0,0.428315476649193,0.508865301868397,0.491134698131603,0.571684523350807,0,1,D,R,1,1,0.00086,https://seattally.com/#/house/Minnesota-01
Minnesota-02,MN-02,Little,Pratt,0.5629,0.4371,0.9927,0.00729999999999997,0,0.520531082734646,0.605340999255142,0.394659000744858,0.479468917265354,0,0,D,R,1,1,0.00174,https://seattally.com/#/house/Minnesota-02
Minnesota-03,MN-03,Morrison,Bass,0.6182,0.3818,1,0,0,0.57595609715153,0.660456196240985,0.339543803759015,0.42404390284847,1,0,D,R,1,1,0,https://seattally.com/#/house/Minnesota-03
Minnesota-04,MN-04,McCollum,Wikstrom,0.6953,0.3047,1,0,0,0.652599137442858,0.73793287187483,0.26206712812517,0.347400862557142,1,0,D,R,1,1,0,https://seattally.com/#/house/Minnesota-04
Minnesota-05,MN-05,Omar,Nagel,0.7964,0.2036,1,0,0,0.753990242374353,0.838888678624054,0.161111321375946,0.246009757625647,1,0,D,R,1,1,0,https://seattally.com/#/house/Minnesota-05
Minnesota-06,MN-06,Chapin,Emmer,0.425,0.575,0.0015,0.9985,0,0.383575184584014,0.466478958367521,0.533521041632479,0.616424815415986,0,1,D,R,1,1,0,https://seattally.com/#/house/Minnesota-06
Minnesota-07,MN-07,Osberg,Fischbach,0.3414,0.6586,0,1,0,0.299741466046381,0.38299588063635,0.61700411936365,0.700258533953619,0,1,D,R,1,1,0,https://seattally.com/#/house/Minnesota-07
Minnesota-08,MN-08,Swanson,Stauber,0.4599,0.5401,0.0563,0.9437,0,0.418273158394516,0.501470054230043,0.498529945769957,0.581726841605484,0,1,D,R,1,1,0.00043,https://seattally.com/#/house/Minnesota-08
Mississippi-01,MS-01,Johnson,Kelly,0.3555,0.6445,0,1,0,0.313796517087953,0.397289354126733,0.602710645873267,0.686203482912047,0,1,D,R,1,1,0,https://seattally.com/#/house/Mississippi-01
Mississippi-02,MS-02,Thompson,Eller,0.6476,0.3524,1,0,0,0.605713858964952,0.689459902143197,0.310540097856803,0.394286141035048,1,0,D,R,1,1,0,https://seattally.com/#/house/Mississippi-02
Mississippi-03,MS-03,Chiaradio,Guest,0.4031,0.5969,0.0004,0.9996,0,0.355528106729558,0.450708487776696,0.549291512223304,0.644471893270442,0,1,D,R,1,1,0,https://seattally.com/#/house/Mississippi-03
Mississippi-04,MS-04,Hulum,Ezell,0.3194,0.6806,0,1,0,0.27757502967382,0.361157835613909,0.638842164386091,0.72242497032618,0,1,D,R,1,1,0,https://seattally.com/#/house/Mississippi-04
Missouri-01,MO-01,Bell,Berry,0.8324,0.1676,1,0,0,0.789991265590258,0.874808638319143,0.125191361680857,0.210008734409742,1,0,D,R,1,1,0,https://seattally.com/#/house/Missouri-01
Missouri-02,MO-02,Wellman,Wagner,0.49,0.51,0.3432,0.6568,0,0.449380391514825,0.530669598971332,0.469330401028668,0.550619608485175,0,1,D,R,1,1,0.00947,https://seattally.com/#/house/Missouri-02
Missouri-03,MO-03,Mann,Odner,0.4124,0.5876,0.0002,0.9998,0,0.371024226750135,0.453704782813511,0.546295217186489,0.628975773249865,0,1,D,R,1,1,0,https://seattally.com/#/house/Missouri-03
Missouri-04,MO-04,Herrera,Alford,0.3216,0.6784,0,1,0,0.280103478482742,0.363081663867696,0.636918336132305,0.719896521517258,0,1,D,R,1,1,0,https://seattally.com/#/house/Missouri-04
Missouri-05,MO-05,Cleaver,Brattin,0.6514,0.3486,1,0,0,0.609070834342416,0.693640266812846,0.306359733187154,0.390929165657584,1,0,D,R,1,1,0,https://seattally.com/#/house/Missouri-05
Missouri-06,MO-06,Smead,Stigall,0.3471,0.6529,0,1,0,0.301509092615568,0.392739032357687,0.607260967642314,0.698490907384432,0,0,D,R,1,1,0,https://seattally.com/#/house/Missouri-06
Missouri-07,MO-07,Hesketh,Burlison,0.3203,0.6797,0,1,0,0.278790778613175,0.361861268914395,0.638138731085605,0.721209221386825,0,1,D,R,1,1,0,https://seattally.com/#/house/Missouri-07
Missouri-08,MO-08,Reichard,Smith,0.2709,0.7291,0,1,0,0.229393952792348,0.312493483329289,0.687506516670711,0.770606047207652,0,1,D,R,1,1,0,https://seattally.com/#/house/Missouri-08
Montana-01,MT-01,Forstag,Flint,0.4821,0.5179,0.2385,0.7615,0,0.440855897458479,0.523443066822028,0.476556933177972,0.559144102541521,0,0,D,R,1,1,0.00662,https://seattally.com/#/house/Montana-01
Montana-02,MT-02,Miller,Downing,0.38,0.62,0,1,0,0.339179720527952,0.420721223519731,0.579278776480269,0.660820279472048,0,1,D,R,1,1,0,https://seattally.com/#/house/Montana-02
Nebraska-01,NE-01,Backemeyer,Flood,0.4602,0.5398,0.0519,0.9481,0,0.420051135051064,0.500447638494183,0.499552361505817,0.579948864948936,0,1,D,R,1,1,0.00047,https://seattally.com/#/house/Nebraska-01
Nebraska-02,NE-02,Powell,Harding,0.5618,0.4382,0.9896,0.0104,1,0.517807527008128,0.605776996764248,0.394223003235752,0.482192472991872,0,0,D,R,1,1,0.00284,https://seattally.com/#/house/Nebraska-02
Nebraska-03,NE-03,Stille,Smith,0.2507,0.7493,0,1,0,0.209073546595455,0.292255303625614,0.707744696374386,0.790926453404545,0,1,D,R,1,1,0,https://seattally.com/#/house/Nebraska-03
Nevada-01,NV-01,Titus,Buck,0.5548,0.4452,0.9836,0.0164,0,0.512560507460071,0.597031849237754,0.402968150762246,0.487439492539929,1,0,D,R,1,1,0.00407,https://seattally.com/#/house/Nevada-01
Nevada-02,NV-02,Benitez-Thompson,Flippo,0.4784,0.5216,0.1988,0.8012,0,0.436464670597765,0.520378412745556,0.479621587254444,0.563535329402235,0,0,D,R,1,1,0.00496,https://seattally.com/#/house/Nevada-02
Nevada-03,NV-03,Lee,O'Donnell,0.5257,0.4743,0.8405,0.1595,0,0.483240500467626,0.568242447249906,0.431757552750094,0.516759499532374,1,0,D,R,1,1,0.02087,https://seattally.com/#/house/Nevada-03
Nevada-04,NV-04,Horsford,Whipple,0.558,0.442,0.9881,0.0119,0,0.515814176748249,0.600159742120961,0.399840257879039,0.484185823251751,1,0,D,R,1,1,0.00304,https://seattally.com/#/house/Nevada-04
New Hampshire-01,NH-01,Shaheen,DiLorenzo,0.5385,0.4615,0.9333,0.0667,0,0.496289450201752,0.580786612738201,0.419213387261799,0.503710549798248,0,0,D,R,1,1,0.01299,https://seattally.com/#/house/New Hampshire-01
New Hampshire-02,NH-02,Goodlander,Williams,0.5623,0.4377,0.9946,0.00539999999999996,0,0.522052475932967,0.602534879682862,0.397465120317138,0.477947524067033,1,0,D,R,1,1,0.00113,https://seattally.com/#/house/New Hampshire-02
New Jersey-01,NJ-01,Norcross,Galdo,0.6126,0.3874,1,0,0,0.570582889416562,0.654567886064538,0.345432113935462,0.429417110583438,1,0,D,R,1,1,0,https://seattally.com/#/house/New Jersey-01
New Jersey-02,NJ-02,Mullock,Van Drew,0.4578,0.5422,0.0474,0.9526,0,0.416312124976675,0.499350625980067,0.500649374019933,0.583687875023325,0,1,D,R,1,1,0.00013,https://seattally.com/#/house/New Jersey-02
New Jersey-03,NJ-03,Conaway,McGuire,0.5661,0.4339,0.9953,0.00470000000000004,0,0.524191177793467,0.607909228985224,0.392090771014776,0.475808822206533,1,0,D,R,1,1,0.00095,https://seattally.com/#/house/New Jersey-03
New Jersey-04,NJ-04,Peace,Smith,0.3652,0.6348,0,1,0,0.323846558750776,0.406621253522979,0.593378746477021,0.676153441249224,0,1,D,R,1,1,0,https://seattally.com/#/house/New Jersey-04
New Jersey-05,NJ-05,Gottheimer,Kirrane,0.5603,0.4397,0.9908,0.00919999999999999,0,0.518223680483002,0.602339090006019,0.397660909993981,0.481776319516998,1,0,D,R,1,1,0.00203,https://seattally.com/#/house/New Jersey-05
New Jersey-06,NJ-06,Palone,Herzig,0.5796,0.4204,0.9989,0.00109999999999999,0,0.536727078862047,0.622443096356204,0.377556903643796,0.463272921137953,1,0,D,R,1,1,0.00021,https://seattally.com/#/house/New Jersey-06
New Jersey-07,NJ-07,Bennett,Kean,0.52,0.48,0.7923,0.2077,1,0.479591933293785,0.560427528701393,0.439572471298607,0.520408066706215,0,1,D,R,1,1,0.02718,https://seattally.com/#/house/New Jersey-07
New Jersey-08,NJ-08,Menendez,N/A,1,0,1,0,0,1,1,0,0,1,0,D,,1,1,0,https://seattally.com/#/house/New Jersey-08
New Jersey-09,NJ-09,Pou,Pino,0.5403,0.4597,0.9417,0.0583,0,0.498044930635771,0.58251366204341,0.41748633795659,0.501955069364229,1,0,D,R,1,1,0.01114,https://seattally.com/#/house/New Jersey-09
New Jersey-10,NJ-10,McIver,Bucco,0.7852,0.2148,1,0,0,0.742681773410319,0.827642087091945,0.172357912908055,0.257318226589681,1,0,D,R,1,1,0,https://seattally.com/#/house/New Jersey-10
New Jersey-11,NJ-11,Mejia,Hathaway,0.5788,0.4212,0.9967,0.00329999999999997,0,0.530988855717292,0.626518073118957,0.373481926881043,0.469011144282708,1,0,D,R,1,1,0.00067,https://seattally.com/#/house/New Jersey-11
New Jersey-12,NJ-12,Hamawy,Mele,0.6509,0.3491,1,0,0,0.604881907803476,0.696893846763257,0.303106153236743,0.395118092196524,0,0,D,R,1,1,0,https://seattally.com/#/house/New Jersey-12
New Mexico-01,NM-01,Stansbury,Okpareke,0.5927,0.4073,0.9999,9.9999999999989e-05,0,0.550676923725053,0.634778371343132,0.365221628656868,0.449323076274947,1,0,D,R,1,1,3e-05,https://seattally.com/#/house/New Mexico-01
New Mexico-02,NM-02,Vasquez,Cunningham,0.5392,0.4608,0.9434,0.0566,0,0.498480828413721,0.579907259326478,0.420092740673522,0.501519171586279,1,0,D,R,1,1,0.01239,https://seattally.com/#/house/New Mexico-02
New Mexico-03,NM-03,Leger Fernández,Zamora,0.5774,0.4226,0.9988,0.00119999999999998,0,0.535407452291266,0.619481973218611,0.380518026781389,0.464592547708734,1,0,D,R,1,1,0.00037,https://seattally.com/#/house/New Mexico-03
New York-01,NY-01,Gallant,LaLota,0.4888,0.5112,0.3255,0.6745,0,0.447964304762668,0.529583864379681,0.470416135620319,0.552035695237332,0,1,D,R,1,1,0.00907,https://seattally.com/#/house/New York-01
New York-02,NY-02,Haplin,Garbarino,0.4478,0.5522,0.0195,0.9805,0,0.406234654108488,0.489405415830141,0.510594584169859,0.593765345891512,0,1,D,R,1,1,6e-05,https://seattally.com/#/house/New York-02
New York-03,NY-03,Suozzi,LiPetri,0.5168,0.4832,0.7419,0.2581,0,0.474250896892164,0.55932152611911,0.44067847388089,0.525749103107836,1,0,D,R,1,1,0.02397,https://seattally.com/#/house/New York-03
New York-04,NY-04,Gillen,Driscoll,0.536,0.464,0.9214,0.0786,0,0.494135787062107,0.57796317521314,0.42203682478686,0.505864212937893,1,0,D,R,1,1,0.01426,https://seattally.com/#/house/New York-04
New York-05,NY-05,Meeks,Marsh,0.7357,0.2643,1,0,0,0.693202662930779,0.77822115595189,0.22177884404811,0.306797337069221,1,0,D,R,1,1,0,https://seattally.com/#/house/New York-05
New York-06,NY-06,Meng,Chou,0.6042,0.3958,1,0,0,0.561349966539546,0.647076228159096,0.352923771840904,0.438650033460454,1,0,D,R,1,1,0,https://seattally.com/#/house/New York-06
New York-07,NY-07,Valdez,Rivera,0.7714,0.2286,1,0,0,0.725355533352721,0.817498923520399,0.182501076479601,0.274644466647279,0,0,D,R,1,1,0,https://seattally.com/#/house/New York-07
New York-08,NY-08,Jeffries,Mizrahi,0.763,0.237,1,0,0,0.720478170509399,0.805474079593834,0.194525920406166,0.279521829490601,1,0,D,R,1,1,0,https://seattally.com/#/house/New York-08
New York-09,NY-09,Clarke,Azumah,0.7494,0.2506,1,0,0,0.706950129289751,0.791865577577121,0.208134422422879,0.293049870710249,1,0,D,R,1,1,0,https://seattally.com/#/house/New York-09
New York-10,NY-10,Lander,Moore,0.8434,0.1566,1,0,0,0.797229036287451,0.889608038748439,0.110391961251561,0.202770963712549,0,0,D,R,1,1,0,https://seattally.com/#/house/New York-10
New York-11,NY-11,DeCillis,Malliotakis,0.394,0.606,0,1,0,0.352097505099524,0.435839753405412,0.564160246594588,0.647902494900476,0,1,D,R,1,1,0,https://seattally.com/#/house/New York-11
New York-12,NY-12,Lasher,Shinkle,0.8611,0.1389,1,0,0,0.815125672194864,0.907008623909786,0.092991376090214,0.184874327805136,0,0,D,R,1,1,0,https://seattally.com/#/house/New York-12
New York-13,NY-13,Chavalier,Williams,0.8384,0.1616,1,0,0,0.79227148337861,0.88454772829657,0.11545227170343,0.20772851662139,0,0,D,R,1,1,0,https://seattally.com/#/house/New York-13
New York-14,NY-14,Ocasio-Cortez,Hysenaj,0.7034,0.2966,1,0,0,0.660933220989352,0.745882331287342,0.254117668712658,0.339066779010648,1,0,D,R,1,1,0,https://seattally.com/#/house/New York-14
New York-15,NY-15,Torres,Sapaskis,0.7945,0.2055,1,0,0,0.752084976341107,0.836913387434,0.163086612566,0.247915023658893,1,0,D,R,1,1,0,https://seattally.com/#/house/New York-15
New York-16,NY-16,Latimer,Cinquemani,0.7298,0.2702,1,0,0,0.687464921280195,0.77212197354641,0.22787802645359,0.312535078719805,1,0,D,R,1,1,0,https://seattally.com/#/house/New York-16
New York-17,NY-17,Conley,Lawler,0.517,0.483,0.7567,0.2433,1,0.476859800167526,0.557069587027247,0.442930412972753,0.523140199832474,0,1,D,R,1,1,0.02725,https://seattally.com/#/house/New York-17
New York-18,NY-18,Ryan,Auringer,0.5776,0.4224,0.999,0.001,0,0.536389057480061,0.618712956153021,0.381287043846979,0.463610942519939,1,0,D,R,1,1,0.00011,https://seattally.com/#/house/New York-18
New York-19,NY-19,Riley,Oberacker,0.5417,0.4583,0.9491,0.0508999999999999,0,0.499773667850736,0.583545046181756,0.416454953818244,0.500226332149264,1,0,D,R,1,1,0.01155,https://seattally.com/#/house/New York-19
New York-20,NY-20,Tonko,Ambrosio,0.6234,0.3766,1,0,0,0.581252087444167,0.665614423013494,0.334385576986506,0.418747912555833,1,0,D,R,1,1,0,https://seattally.com/#/house/New York-20
New York-21,NY-21,Gendebien,Constantino,0.4501,0.5499,0.0233,0.9767,0,0.408803684332083,0.491359845035357,0.508640154964643,0.591196315667917,0,0,D,R,1,1,0.00012,https://seattally.com/#/house/New York-21
New York-22,NY-22,Mannion,Buller,0.5742,0.4258,0.9982,0.00180000000000002,0,0.532145195725771,0.616187821484564,0.383812178515436,0.467854804274229,1,0,D,R,1,1,0.0004,https://seattally.com/#/house/New York-22
New York-23,NY-23,Gies,Langworthy,0.3954,0.6046,0,1,0,0.355099205270255,0.435709436924557,0.564290563075443,0.644900794729745,0,1,D,R,1,1,0,https://seattally.com/#/house/New York-23
New York-24,NY-24,Ellman,Tenney,0.3959,0.6041,0,1,0,0.354447499160784,0.437265643776273,0.562734356223727,0.645552500839216,0,1,D,R,1,1,0,https://seattally.com/#/house/New York-24
New York-25,NY-25,Morrelle,McIntyre,0.629,0.371,1,0,0,0.586800982124204,0.671219844938739,0.328780155061261,0.413199017875796,1,0,D,R,1,1,0,https://seattally.com/#/house/New York-25
New York-26,NY-26,Kennedy,Hannon,0.6598,0.3402,1,0,0,0.617558913827621,0.702023475082772,0.297976524917228,0.382441086172379,1,0,D,R,1,1,0,https://seattally.com/#/house/New York-26
North Carolina-01,NC-01,Davis,Buckhout,0.4902,0.5098,0.3452,0.6548,1,0.449619372497555,0.530739075994976,0.469260924005024,0.550380627502445,1,0,D,R,1,1,0.0121,https://seattally.com/#/house/North Carolina-01
North Carolina-02,NC-02,Ross,Douglass,0.7095,0.2905,1,0,0,0.667335833019504,0.751617103617093,0.248382896382907,0.332664166980496,1,0,D,R,1,1,0,https://seattally.com/#/house/North Carolina-02
North Carolina-03,NC-03,Smith,Murphy,0.476,0.524,0.1888,0.8112,0,0.431175528738793,0.520773951580037,0.479226048419963,0.568824471261207,0,1,D,R,1,1,0.00525,https://seattally.com/#/house/North Carolina-03
North Carolina-04,NC-04,Foushee,Ganorkar,0.7641,0.2359,1,0,0,0.721944400074511,0.806286896643917,0.193713103356083,0.278055599925489,1,0,D,R,1,1,0,https://seattally.com/#/house/North Carolina-04
North Carolina-05,NC-05,Hubbard,Foxx,0.4553,0.5447,0.0377,0.9623,0,0.413882216588521,0.496659796158076,0.503340203841924,0.586117783411479,0,1,D,R,1,1,0.00029,https://seattally.com/#/house/North Carolina-05
North Carolina-06,NC-06,Jefferson,McDowell,0.4603,0.5397,0.0842,0.9158,0,0.412924579598031,0.507706343090769,0.492293656909231,0.587075420401969,0,1,D,R,1,1,0.00142,https://seattally.com/#/house/North Carolina-06
North Carolina-07,NC-07,Hardy,Rouzer,0.4605,0.5395,0.0555,0.9445,0,0.419712534948177,0.501274885127843,0.498725114872157,0.580287465051823,0,1,D,R,1,1,0.00039,https://seattally.com/#/house/North Carolina-07
North Carolina-08,NC-08,Watson,Harris,0.4437,0.5563,0.0129,0.9871,0,0.402149409115917,0.485217130340218,0.514782869659782,0.597850590884083,0,1,D,R,1,1,6e-05,https://seattally.com/#/house/North Carolina-08
North Carolina-09,NC-09,Ojeda,Hudson,0.4537,0.5463,0.0313,0.9687,0,0.412882902113385,0.494612089205609,0.505387910794391,0.587117097886615,0,1,D,R,1,1,0.0002,https://seattally.com/#/house/North Carolina-09
North Carolina-10,NC-10,Bell,Harrigan,0.4492,0.5508,0.0205,0.9795,0,0.40834005823876,0.490084402484478,0.509915597515522,0.59165994176124,0,1,D,R,1,1,7e-05,https://seattally.com/#/house/North Carolina-10
North Carolina-11,NC-11,Ager,Balkcom,0.497,0.503,0.4544,0.5456,0,0.454307667749245,0.539737792316096,0.460262207683904,0.545692332250755,0,0,D,R,1,1,0.01555,https://seattally.com/#/house/North Carolina-11
North Carolina-12,NC-12,Adams,Codiga,0.773,0.227,1,0,0,0.730987953484784,0.815108640362577,0.184891359637423,0.269012046515216,1,0,D,R,1,1,0,https://seattally.com/#/house/North Carolina-12
North Carolina-13,NC-13,Barringer,Knott,0.4603,0.5397,0.0583,0.9417,0,0.418779441226304,0.501907484608106,0.498092515391894,0.581220558773696,0,1,D,R,1,1,0.00046,https://seattally.com/#/house/North Carolina-13
North Carolina-14,NC-14,Womack,Moore,0.47,0.53,0.1137,0.8863,0,0.429114774226229,0.510886672005614,0.489113327994386,0.570885225773771,0,1,D,R,1,1,0.00164,https://seattally.com/#/house/North Carolina-14
North Dakota-00,ND-AL,Hammer,Fedorchak,0.3497,0.6503,0,1,0,0.308146036993479,0.391201775701756,0.608798224298244,0.691853963006521,0,1,D,R,1,1,0,https://seattally.com/#/house/North Dakota-00
Ohio-01,OH-01,Landsman,Conroy,0.528,0.472,0.87,0.13,0,0.48709514916243,0.568945935453287,0.431054064546713,0.51290485083757,1,0,D,R,1,1,0.01992,https://seattally.com/#/house/Ohio-01
Ohio-02,OH-02,Mazzuckelli,Taylor,0.3334,0.6666,0,1,0,0.292086978230688,0.374794178800426,0.625205821199574,0.707913021769312,0,1,D,R,1,1,0,https://seattally.com/#/house/Ohio-02
Ohio-03,OH-03,Beatty,Dulaney,0.7358,0.2642,1,0,0,0.693561056723841,0.777998022264093,0.222001977735907,0.306438943276159,1,0,D,R,1,1,0,https://seattally.com/#/house/Ohio-03
Ohio-04,OH-04,Kolasinski,Jordan,0.3294,0.6706,0,1,0,0.288103051839526,0.3706540062849,0.6293459937151,0.711896948160474,0,1,D,R,1,1,0,https://seattally.com/#/house/Ohio-04
Ohio-05,OH-05,Shaver,Latta,0.4032,0.5968,0.0001,0.9999,0,0.361923933258464,0.444486004181898,0.555513995818102,0.638076066741536,0,1,D,R,1,1,0,https://seattally.com/#/house/Ohio-05
Ohio-06,OH-06,Kirtley,Rulli,0.3679,0.6321,0,1,0,0.326568862527097,0.409218746070789,0.590781253929211,0.673431137472903,0,1,D,R,1,1,0,https://seattally.com/#/house/Ohio-06
Ohio-07,OH-07,Poindexter,Miller,0.4801,0.5199,0.2076,0.7924,0,0.439965331740847,0.520257513357677,0.479742486642323,0.560034668259153,0,1,D,R,1,1,0.00353,https://seattally.com/#/house/Ohio-07
Ohio-08,OH-08,Enoch,Davidson,0.4603,0.5397,0.0569,0.9431,0,0.418959658216697,0.501589276543304,0.498410723456696,0.581040341783303,0,1,D,R,1,1,0.00041,https://seattally.com/#/house/Ohio-08
Ohio-09,OH-09,Kaptur,Merrin,0.4996,0.5004,0.4943,0.5057,1,0.459039073431578,0.540251828869338,0.459748171130662,0.540960926568422,1,0,D,R,1,1,0.01939,https://seattally.com/#/house/Ohio-09
Ohio-10,OH-10,Knickerbocker,Turner,0.4559,0.5441,0.0367,0.9633,0,0.41542100601143,0.496409119198009,0.503590880801991,0.58457899398857,0,1,D,R,1,1,0.00011,https://seattally.com/#/house/Ohio-10
Ohio-11,OH-11,Brown,Kirchner,0.8165,0.1835,1,0,0,0.774135834929957,0.858851735925553,0.141148264074447,0.225864165070043,1,0,D,R,1,1,0,https://seattally.com/#/house/Ohio-11
Ohio-12,OH-12,Christian,Balderson,0.3783,0.6217,0,1,0,0.336991947347376,0.419691921203301,0.580308078796699,0.663008052652624,0,1,D,R,1,1,0,https://seattally.com/#/house/Ohio-12
Ohio-13,OH-13,Sykes,Coleman,0.5484,0.4516,0.9712,0.0288,0,0.506480007217631,0.590413156955353,0.409586843044647,0.493519992782369,1,0,D,R,1,1,0.0066,https://seattally.com/#/house/Ohio-13
Ohio-14,OH-14,Jukic,Joyce,0.4051,0.5949,0.0001,0.9999,0,0.36376275392286,0.446392299433069,0.553607700566931,0.63623724607714,0,1,D,R,1,1,0,https://seattally.com/#/house/Ohio-14
Ohio-15,OH-15,Leonard,Carey,0.4805,0.5195,0.212,0.788,0,0.440289667591998,0.520653080578542,0.479346919421458,0.559710332408002,0,1,D,R,1,1,0.00496,https://seattally.com/#/house/Ohio-15
Oklahoma-01,OK-01,Croisant,TBD,0.4246,0.5754,0.0036,0.9964,0,0.378458355881103,0.47075293041033,0.52924706958967,0.621541644118897,0,0,D,R,1,1,7e-05,https://seattally.com/#/house/Oklahoma-01
Oklahoma-02,OK-02,Wade,Brecheen,0.2603,0.7397,0,1,0,0.218399843199015,0.302256490143345,0.697743509856655,0.781600156800985,0,1,D,R,1,1,0,https://seattally.com/#/house/Oklahoma-02
Oklahoma-03,OK-03,Byrd,Lucas,0.3111,0.6889,0,1,0,0.263603969143257,0.358567800124698,0.641432199875302,0.736396030856743,0,1,D,R,1,1,0,https://seattally.com/#/house/Oklahoma-03
Oklahoma-04,OK-04,Jacob,Cole,0.352,0.648,0,1,0,0.310333512849989,0.39374750016755,0.60625249983245,0.689666487150011,0,1,D,R,1,1,0,https://seattally.com/#/house/Oklahoma-04
Oklahoma-05,OK-05,Nelson,Bice,0.4375,0.5625,0.006,0.994,0,0.396611436186857,0.47846363755697,0.52153636244303,0.603388563813143,0,1,D,R,1,1,3e-05,https://seattally.com/#/house/Oklahoma-05
Oregon-01,OR-01,Bonamici,Kahl,0.734,0.266,1,0,0,0.691641261003733,0.776407967655669,0.223592032344331,0.308358738996267,1,0,D,R,1,1,0,https://seattally.com/#/house/Oregon-01
Oregon-02,OR-02,Beck,Bentz,0.3878,0.6122,0,1,0,0.346001403154281,0.429637381572702,0.570362618427298,0.653998596845719,0,1,D,R,1,1,0,https://seattally.com/#/house/Oregon-02
Oregon-03,OR-03,Dexter,Ayles,0.7622,0.2378,1,0,0,0.71992806107791,0.804429351137287,0.195570648862713,0.28007193892209,1,0,D,R,1,1,0,https://seattally.com/#/house/Oregon-03
Oregon-04,OR-04,Hoyle,DeSpain,0.5724,0.4276,0.9976,0.00239999999999996,0,0.530147111409624,0.614612278903951,0.385387721096049,0.469852888590376,1,0,D,R,1,1,0.00064,https://seattally.com/#/house/Oregon-04
Oregon-05,OR-05,Bynum,Adair,0.5569,0.4431,0.9869,0.0131,0,0.514793391627365,0.598919419705805,0.401080580294195,0.485206608372635,1,0,D,R,1,1,0.00251,https://seattally.com/#/house/Oregon-05
Oregon-06,OR-06,Salinas,Russ,0.5692,0.4308,0.9966,0.00339999999999996,0,0.527110634432376,0.611308333561018,0.388691666438982,0.472889365567624,1,0,D,R,1,1,0.00062,https://seattally.com/#/house/Oregon-06
Pennsylvania-01,PA-01,Harvie,Fitzpatrick,0.4901,0.5099,0.3424,0.6576,0,0.449798879825115,0.53033075032171,0.46966924967829,0.550201120174885,0,1,D,R,1,1,0.00965,https://seattally.com/#/house/Pennsylvania-01
Pennsylvania-02,PA-02,Boyle,Arriaga,0.726,0.274,1,0,0,0.683515408581819,0.76840113939335,0.23159886060665,0.316484591418181,1,0,D,R,1,1,0,https://seattally.com/#/house/Pennsylvania-02
Pennsylvania-03,PA-03,Rabb,N/A,1,0,1,0,0,1,1,0,0,0,0,D,,1,1,0,https://seattally.com/#/house/Pennsylvania-03
Pennsylvania-04,PA-04,Dean,Stuski,0.6128,0.3872,1,0,0,0.570742617376938,0.654794671142839,0.345205328857161,0.429257382623062,1,0,D,R,1,1,0,https://seattally.com/#/house/Pennsylvania-04
Pennsylvania-05,PA-05,Scanlon,Manganaro,0.6724,0.3276,1,0,0,0.630032851580821,0.714807941571933,0.285192058428067,0.369967148419179,1,0,D,R,1,1,0,https://seattally.com/#/house/Pennsylvania-05
Pennsylvania-06,PA-06,Houlahan,Young,0.5883,0.4117,0.9997,0.000299999999999967,0,0.546466225716482,0.63022415866674,0.36977584133326,0.453533774283518,1,0,D,R,1,1,3e-05,https://seattally.com/#/house/Pennsylvania-06
Pennsylvania-07,PA-07,Brooks,Mackenzie,0.525,0.475,0.8452,0.1548,1,0.484530908019778,0.565435174872152,0.434564825127848,0.515469091980222,0,1,D,R,1,1,0.02536,https://seattally.com/#/house/Pennsylvania-07
Pennsylvania-08,PA-08,Cognetti,Bresnahan,0.5155,0.4845,0.7356,0.2644,1,0.475057649555954,0.555900062842626,0.444099937157374,0.524942350444046,0,1,D,R,1,1,0.02913,https://seattally.com/#/house/Pennsylvania-08
Pennsylvania-09,PA-09,Wallace,Meuser,0.3381,0.6619,0,1,0,0.296694273561207,0.379415236312059,0.620584763687941,0.703305726438793,0,1,D,R,1,1,0,https://seattally.com/#/house/Pennsylvania-09
Pennsylvania-10,PA-10,Stelson,Perry,0.5293,0.4707,0.8839,0.1161,1,0.488976467259519,0.569527849084636,0.430472150915364,0.511023532740481,0,1,D,R,1,1,0.022,https://seattally.com/#/house/Pennsylvania-10
Pennsylvania-11,PA-11,Mannion,Lloyd Smucker,0.4171,0.5829,0.0005,0.9995,0,0.375834018205638,0.458431968284831,0.541568031715169,0.624165981794362,0,1,D,R,1,1,0,https://seattally.com/#/house/Pennsylvania-11
Pennsylvania-12,PA-12,Lee,Hayes,0.5987,0.4013,0.9999,9.9999999999989e-05,0,0.556537012479081,0.640935032798778,0.359064967201222,0.443462987520919,1,0,D,R,1,1,0,https://seattally.com/#/house/Pennsylvania-12
Pennsylvania-13,PA-13,Farnham,Joyce,0.3016,0.6984,0,1,0,0.260257158034139,0.342928183734518,0.657071816265483,0.739742841965861,0,1,D,R,1,1,0,https://seattally.com/#/house/Pennsylvania-13
Pennsylvania-14,PA-14,Bradstock,Reschenthaler,0.3755,0.6245,0,1,0,0.334267768787098,0.416831688973972,0.583168311026028,0.665732231212902,0,1,D,R,1,1,0,https://seattally.com/#/house/Pennsylvania-14
Pennsylvania-15,PA-15,Bilger,Thompson,0.3347,0.6653,0,1,0,0.293314403162947,0.376165042701404,0.623834957298596,0.706685596837053,0,1,D,R,1,1,0,https://seattally.com/#/house/Pennsylvania-15
Pennsylvania-16,PA-16,Wagner,Kelly,0.4124,0.5876,0.0002,0.9998,0,0.371085639533131,0.453689371155242,0.546310628844758,0.628914360466869,0,1,D,R,1,1,0,https://seattally.com/#/house/Pennsylvania-16
Pennsylvania-17,PA-17,Deluzio,Guy,0.562,0.438,0.9924,0.00760000000000005,0,0.520004045043795,0.603933106796954,0.396066893203046,0.479995954956205,1,0,D,R,1,1,0.00171,https://seattally.com/#/house/Pennsylvania-17
Rhode Island-01,RI-01,Amo,Keenan,0.6709,0.3291,1,0,0,0.628798214178616,0.713089540255933,0.286910459744067,0.371201785821384,1,0,D,R,1,1,0,https://seattally.com/#/house/Rhode Island-01
Rhode Island-02,RI-02,Magaziner,Mellor,0.5936,0.4064,0.9999,9.9999999999989e-05,0,0.551851390779535,0.635407017016563,0.364592982983437,0.448148609220465,1,0,D,R,1,1,1e-05,https://seattally.com/#/house/Rhode Island-02
South Carolina-01,SC-01,Lacore,Honeycutt,0.4774,0.5226,0.1844,0.8156,0,0.435946079209641,0.518794088782579,0.481205911217421,0.564053920790359,0,0,D,R,1,1,0.00401,https://seattally.com/#/house/South Carolina-01
South Carolina-02,SC-02,Khalifa,Wilson,0.4626,0.5374,0.0691,0.9309,0,0.421090160160602,0.504101156784337,0.495898843215663,0.578909839839398,0,1,D,R,1,1,0.00088,https://seattally.com/#/house/South Carolina-02
South Carolina-03,SC-03,Lehmacher,Biggs,0.3152,0.6848,0,1,0,0.273788070210119,0.356617575135678,0.643382424864322,0.726211929789881,0,1,D,R,1,1,0,https://seattally.com/#/house/South Carolina-03
South Carolina-04,SC-04,McClain,Timmons,0.4392,0.5608,0.0082,0.9918,0,0.397576379303631,0.480906123145154,0.519093876854846,0.602423620696369,0,1,D,R,1,1,3e-05,https://seattally.com/#/house/South Carolina-04
South Carolina-05,SC-05,Dittmer,Climer,0.4306,0.5694,0.0061,0.9939,0,0.385057220329557,0.476165064191431,0.523834935808569,0.614942779670443,0,0,D,R,1,1,3e-05,https://seattally.com/#/house/South Carolina-05
South Carolina-06,SC-06,Clyburn,Peterson,0.6505,0.3495,1,0,0,0.60867418305492,0.692389349976971,0.307610650023029,0.39132581694508,1,0,D,R,1,1,0,https://seattally.com/#/house/South Carolina-06
South Carolina-07,SC-07,Vincent,Fry,0.4051,0.5949,0.0001,0.9999,0,0.364203854177132,0.445926465782333,0.554073534217667,0.635796145822868,0,1,D,R,1,1,0,https://seattally.com/#/house/South Carolina-07
South Dakota-00,SD-AL,Gronli,Jackley,0.4057,0.5943,0.0002,0.9998,0,0.362569895671789,0.448840506558899,0.551159493441101,0.63743010432821,0,0,D,R,1,1,0,https://seattally.com/#/house/South Dakota-00
Tennessee-01,TN-01,Burke,Harshbarger,0.2506,0.7494,0,1,0,0.209038010690851,0.292108039359381,0.707891960640619,0.790961989309149,0,1,D,R,1,1,0,https://seattally.com/#/house/Tennessee-01
Tennessee-02,TN-02,Barnett,Burchett,0.3669,0.6331,0,1,0,0.325378461761379,0.408442467293577,0.591557532706423,0.674621538238621,0,1,D,R,1,1,0,https://seattally.com/#/house/Tennessee-02
Tennessee-03,TN-03,Golladay,Fleischmann,0.3593,0.6407,0,1,0,0.317747644398964,0.400767383801985,0.599232616198015,0.682252355601036,0,1,D,R,1,1,0,https://seattally.com/#/house/Tennessee-03
Tennessee-04,TN-04,Broderick,DesJarlais,0.4307,0.5693,0.0031,0.9969,0,0.389162832713231,0.472299807761602,0.527700192238398,0.610837167286769,0,1,D,R,1,1,1e-05,https://seattally.com/#/house/Tennessee-04
Tennessee-05,TN-05,Molder,Hatcher,0.4225,0.5775,0.0015,0.9985,0,0.3794885649992,0.465519243962009,0.534480756037991,0.6205114350008,0,0,D,R,1,1,2e-05,https://seattally.com/#/house/Tennessee-05
Tennessee-06,TN-06,Croley,Garrett,0.4192,0.5808,0.0018,0.9982,0,0.373545483361471,0.464839131344523,0.535160868655477,0.626454516638529,0,0,D,R,1,1,0,https://seattally.com/#/house/Tennessee-06
Tennessee-07,TN-07,Copeland,Van Epps,0.44,0.56,0.0187,0.9813,0,0.392633951573652,0.487450430395207,0.512549569604793,0.607366048426348,0,1,D,R,1,1,0.00019,https://seattally.com/#/house/Tennessee-07
Tennessee-08,TN-08,Kuhn,Kostoff,0.4262,0.5738,0.0019,0.9981,0,0.384333731560526,0.468065743359777,0.531934256640223,0.615666268439474,0,1,D,R,1,1,0,https://seattally.com/#/house/Tennessee-08
Tennessee-09,TN-09,Pearson,Taylor,0.444,0.556,0.0163,0.9837,1,0.400852694016507,0.487124474686268,0.512875525313732,0.599147305983493,0,0,D,R,1,1,0.00015,https://seattally.com/#/house/Tennessee-09
Texas-01,TX-01,Prince,Moran,0.2981,0.7019,0,1,0,0.250372964160429,0.345827736465474,0.654172263534526,0.749627035839571,0,1,D,R,1,1,0,https://seattally.com/#/house/Texas-01
Texas-02,TX-02,Finnie,Toth,0.4331,0.5669,0.0081,0.9919,0,0.387293728871335,0.478894387967426,0.521105612032574,0.612706271128665,0,0,D,R,1,1,3e-05,https://seattally.com/#/house/Texas-02
Texas-03,TX-03,Hunt,Keith Self,0.4109,0.5891,0.0002,0.9998,0,0.369216535958017,0.452643539745849,0.547356460254151,0.630783464041983,0,1,D,R,1,1,0,https://seattally.com/#/house/Texas-03
Texas-04,TX-04,Pearce,Fallon,0.4044,0.5956,0.0001,0.9999,0,0.36254797990788,0.446166435888487,0.553833564111513,0.63745202009212,0,1,D,R,1,1,0,https://seattally.com/#/house/Texas-04
Texas-05,TX-05,Hockett,Gooden,0.4394,0.5606,0.0086,0.9914,0,0.397482738572762,0.481223272023829,0.518776727976171,0.602517261427238,0,1,D,R,1,1,5e-05,https://seattally.com/#/house/Texas-05
Texas-06,TX-06,Minton,Ellzey,0.4235,0.5765,0.0013,0.9987,0,0.381676283619709,0.465261277619048,0.534738722380952,0.618323716380291,0,1,D,R,1,1,0,https://seattally.com/#/house/Texas-06
Texas-07,TX-07,Fletcher,Hale,0.6564,0.3436,1,0,0,0.614193601436343,0.698646934579419,0.301353065420581,0.385806398563657,1,0,D,R,1,1,0,https://seattally.com/#/house/Texas-07
Texas-08,TX-08,Jones,Steinmann,0.4068,0.5932,0.0004,0.9996,0,0.360980621237264,0.452598569942412,0.547401430057588,0.639019378762736,0,0,D,R,1,1,1e-05,https://seattally.com/#/house/Texas-08
Texas-09,TX-09,Gutierrez,Mealer,0.4479,0.5521,0.0309,0.9691,1,0.401993784509181,0.493792540334224,0.506207459665776,0.598006215490819,0,0,D,R,1,1,0.00044,https://seattally.com/#/house/Texas-09
Texas-10,TX-10,Rourk,Gober,0.4321,0.5679,0.0046,0.9954,0,0.389229143244755,0.475026225166755,0.524973774833245,0.610770856755245,0,0,D,R,1,1,5e-05,https://seattally.com/#/house/Texas-10
Texas-11,TX-11,Reynolds,Pfluger,0.3754,0.6246,0,1,0,0.327823387185828,0.423010783745779,0.576989216254221,0.672176612814172,0,1,D,R,1,1,0,https://seattally.com/#/house/Texas-11
Texas-12,TX-12,Rodriguez Prilliman,Goldman,0.4134,0.5866,0.0003,0.9997,0,0.371728054478872,0.455167445603657,0.544832554396343,0.628271945521128,0,1,D,R,1,1,0,https://seattally.com/#/house/Texas-12
Texas-13,TX-13,Nair,Jackson,0.3167,0.6833,0,1,0,0.269140955821879,0.364256654586478,0.635743345413522,0.730859044178121,0,1,D,R,1,1,0,https://seattally.com/#/house/Texas-13
Texas-14,TX-14,Bartie,Weber,0.4196,0.5804,0.0008,0.9992,0,0.377807719210336,0.46145899730091,0.53854100269909,0.622192280789664,0,1,D,R,1,1,0,https://seattally.com/#/house/Texas-14
Texas-15,TX-15,Pulido,De La Cruz,0.483,0.517,0.2434,0.7566,0,0.442652880887429,0.523267963260216,0.476732036739784,0.557347119112571,0,1,D,R,1,1,0.00614,https://seattally.com/#/house/Texas-15
Texas-16,TX-16,Escobar,Bauman,0.6246,0.3754,1,0,0,0.582518160245006,0.666663254156999,0.333336745843001,0.417481839754994,1,0,D,R,1,1,0,https://seattally.com/#/house/Texas-16
Texas-17,TX-17,Shepard,Sessions,0.4299,0.5701,0.0028,0.9972,0,0.38830763480711,0.471591326329672,0.528408673670328,0.61169236519289,0,1,D,R,1,1,3e-05,https://seattally.com/#/house/Texas-17
Texas-18,TX-18,Menefee,Whitfield,0.8227,0.1773,1,0,0,0.774798693817505,0.870678738069963,0.129321261930037,0.225201306182495,1,0,D,R,1,1,0,https://seattally.com/#/house/Texas-18
Texas-19,TX-19,Rable,Sell,0.2883,0.7117,0,1,0,0.242588620076104,0.334068417175966,0.665931582824034,0.757411379923896,0,0,D,R,1,1,0,https://seattally.com/#/house/Texas-19
Texas-20,TX-20,Castro,Baez,0.6904,0.3096,1,0,0,0.64259488826128,0.738244521608132,0.261755478391868,0.35740511173872,1,0,D,R,1,1,0,https://seattally.com/#/house/Texas-20
Texas-21,TX-21,Hook,Teixeira,0.4368,0.5632,0.0114,0.9886,0,0.391082812555758,0.482486697583511,0.517513302416489,0.608917187444242,0,0,D,R,1,1,3e-05,https://seattally.com/#/house/Texas-21
Texas-22,TX-22,Greene-Scott,Nehls,0.4277,0.5723,0.0048,0.9952,0,0.381786710116961,0.473580090346377,0.526419909653623,0.618213289883039,0,0,D,R,1,1,4e-05,https://seattally.com/#/house/Texas-22
Texas-23,TX-23,Padilla Stout,Herrera,0.4744,0.5256,0.1644,0.8356,0,0.431216811661829,0.517539500593861,0.482460499406139,0.568783188338171,0,0,D,R,1,1,0.00403,https://seattally.com/#/house/Texas-23
Texas-24,TX-24,Burge,Van Duyne,0.4517,0.5483,0.0287,0.9713,0,0.409927334583289,0.493528757750253,0.506471242249747,0.590072665416711,0,1,D,R,1,1,0.00032,https://seattally.com/#/house/Texas-24
Texas-25,TX-25,Sims,Williams,0.4259,0.5741,0.0054,0.9946,0,0.378130310609084,0.473751225232306,0.526248774767694,0.621869689390916,0,1,D,R,1,1,3e-05,https://seattally.com/#/house/Texas-25
Texas-26,TX-26,Shook,Gill,0.4123,0.5877,0.0003,0.9997,0,0.370668327333339,0.454031367682807,0.545968632317193,0.629331672666661,0,1,D,R,1,1,0,https://seattally.com/#/house/Texas-26
Texas-27,TX-27,Lloyd,Cloud,0.4351,0.5649,0.0053,0.9947,0,0.393327247746401,0.476869205013265,0.523130794986735,0.606672752253599,0,1,D,R,1,1,1e-05,https://seattally.com/#/house/Texas-27
Texas-28,TX-28,Cuellar,Tijerina,0.5282,0.4718,0.8715,0.1285,0,0.487278221727622,0.569137915976469,0.430862084023531,0.512721778272378,1,0,D,R,1,1,0.02027,https://seattally.com/#/house/Texas-28
Texas-29,TX-29,Garcia,Fierro,0.7239,0.2761,1,0,0,0.681875161589065,0.765969607312816,0.234030392687184,0.318124838410935,1,0,D,R,1,1,0,https://seattally.com/#/house/Texas-29
Texas-30,TX-30,Haynes,Jackson,0.7828,0.2172,1,0,0,0.736757736917654,0.828879250621555,0.171120749378445,0.263242263082346,0,0,D,R,1,1,0,https://seattally.com/#/house/Texas-30
Texas-31,TX-31,Early,Carter,0.4213,0.5787,0.0009,0.9991,0,0.379643788846948,0.462911747213389,0.537088252786611,0.620356211153052,0,1,D,R,1,1,0,https://seattally.com/#/house/Texas-31
Texas-32,TX-32,Barrios,Yarbrough,0.4509,0.5491,0.0392,0.9608,1,0.405004906620411,0.496795840185075,0.503204159814925,0.594995093379589,0,0,D,R,1,1,0.00067,https://seattally.com/#/house/Texas-32
Texas-33,TX-33,Allred,Gillespie,0.7165,0.2835,1,0,0,0.670614683868643,0.76231822271554,0.23768177728446,0.329385316131357,0,0,D,R,1,1,0,https://seattally.com/#/house/Texas-33
Texas-34,TX-34,Gonzalez,Flores,0.5075,0.4925,0.6195,0.3805,0,0.466799551984028,0.548263240928705,0.451736759071295,0.533200448015972,1,0,D,R,1,1,0.02321,https://seattally.com/#/house/Texas-34
Texas-35,TX-35,Garcia,De La Cruz,0.489,0.511,0.3372,0.6628,1,0.446124859333311,0.531958740474895,0.468041259525105,0.553875140666689,0,0,D,R,1,1,0.01089,https://seattally.com/#/house/Texas-35
Texas-36,TX-36,Hart,Babin,0.416,0.584,0.0005,0.9995,0,0.37412610748771,0.457936140354418,0.542063859645582,0.62587389251229,0,1,D,R,1,1,0,https://seattally.com/#/house/Texas-36
Texas-37,TX-37,Casar,Peña,0.8272,0.1728,1,0,0,0.785117620366712,0.869325240672213,0.130674759327787,0.214882379633288,1,0,D,R,1,1,0,https://seattally.com/#/house/Texas-37
Texas-38,TX-38,McDonough,Bonck,0.4414,0.5586,0.0178,0.9822,0,0.395549418190997,0.487274048700574,0.512725951299426,0.604450581809003,0,0,D,R,1,1,0.00022,https://seattally.com/#/house/Texas-38
Utah-01,UT-01,McAdams,Owen,0.687,0.313,1,0,1,0.644164503929956,0.72982401492427,0.27017598507573,0.355835496070044,0,0,D,R,1,1,0,https://seattally.com/#/house/Utah-01
Utah-02,UT-02,Crosby,Moore,0.3765,0.6235,0,1,0,0.336244371533244,0.416801663680867,0.583198336319133,0.663755628466756,0,1,D,R,1,1,0,https://seattally.com/#/house/Utah-02
Utah-03,UT-03,Udell,Maloy,0.3284,0.6716,0,1,0,0.287682484222975,0.369052563852541,0.630947436147459,0.712317515777025,0,1,D,R,1,1,0,https://seattally.com/#/house/Utah-03
Utah-04,UT-04,Larsen,Kennedy,0.3458,0.6542,0,1,0,0.305109552172576,0.38642669664409,0.61357330335591,0.694890447827424,0,1,D,R,1,1,0,https://seattally.com/#/house/Utah-04
Vermont-00,VT-AL,Balint,Malloy,0.6926,0.3074,1,0,0,0.652438267631777,0.732809810499155,0.267190189500845,0.347561732368223,1,0,D,R,1,1,0,https://seattally.com/#/house/Vermont-00
Virginia-01,VA-01,Taylor,Wittman,0.4913,0.5087,0.3607,0.6393,0,0.451201555315052,0.531413369037472,0.468586630962528,0.548798444684948,0,1,D,R,1,1,0.01097,https://seattally.com/#/house/Virginia-01
Virginia-02,VA-02,Luria,Kiggans,0.5225,0.4775,0.8187,0.1813,1,0.481831127659906,0.563206548754784,0.436793451245216,0.518168872340094,0,1,D,R,1,1,0.02388,https://seattally.com/#/house/Virginia-02
Virginia-03,VA-03,Scott,Rivera,0.7183,0.2817,1,0,0,0.675976863874992,0.760541290534769,0.239458709465231,0.324023136125008,1,0,D,R,1,1,0,https://seattally.com/#/house/Virginia-03
Virginia-04,VA-04,McClellan,Murray,0.6999,0.3001,1,0,0,0.657743216422401,0.742149124495469,0.257850875504531,0.342256783577599,1,0,D,R,1,1,0,https://seattally.com/#/house/Virginia-04
Virginia-05,VA-05,Perriello,McGuire,0.4678,0.5322,0.0938,0.9062,0,0.427696613707045,0.507979975433834,0.492020024566166,0.572303386292955,0,1,D,R,1,1,0.00113,https://seattally.com/#/house/Virginia-05
Virginia-06,VA-06,Macy,Cline,0.4004,0.5996,0,1,0,0.360038781070554,0.440819505770653,0.559180494229347,0.639961218929446,0,1,D,R,1,1,0,https://seattally.com/#/house/Virginia-06
Virginia-07,VA-07,Vindman,Ollivant,0.5415,0.4585,0.9477,0.0523,0,0.499426198595436,0.583478077768273,0.416521922231727,0.500573801404564,1,0,D,R,1,1,0.01054,https://seattally.com/#/house/Virginia-07
Virginia-08,VA-08,Beyer,Sabio,0.7724,0.2276,1,0,0,0.730099718273343,0.814631178003448,0.185368821996552,0.269900281726657,1,0,D,R,1,1,0,https://seattally.com/#/house/Virginia-08
Virginia-09,VA-09,Powers,Griffith,0.3235,0.6765,0,1,0,0.282019099455031,0.364930946085391,0.635069053914609,0.71798090054497,0,1,D,R,1,1,0,https://seattally.com/#/house/Virginia-09
Virginia-10,VA-10,Subramanyam,Beckwith,0.5546,0.4454,0.9834,0.0165999999999999,0,0.512413052565902,0.596879897645183,0.403120102354817,0.487586947434098,1,0,D,R,1,1,0.00388,https://seattally.com/#/house/Virginia-10
Virginia-11,VA-11,Walkinshaw,Purves,0.7101,0.2899,1,0,0,0.661848701170278,0.758266046393692,0.241733953606308,0.338151298829722,1,0,D,R,1,1,0,https://seattally.com/#/house/Virginia-11
Washington-01,WA-01,DelBene,Silva,0.6574,0.3426,1,0,0,0.61495097185696,0.699784952053199,0.300215047946801,0.38504902814304,1,0,D,R,1,1,0,https://seattally.com/#/house/Washington-01
Washington-02,WA-02,Larsen,Feller,0.6538,0.3462,1,0,0,0.611489108935003,0.69611228594481,0.30388771405519,0.388510891064997,1,0,D,R,1,1,0,https://seattally.com/#/house/Washington-02
Washington-03,WA-03,Gluesenkamp Perez,Braun,0.5254,0.4746,0.8491,0.1509,0,0.484908940471315,0.565955089614069,0.434044910385931,0.515091059528685,1,0,D,R,1,1,0.0225,https://seattally.com/#/house/Washington-03
Washington-04,WA-04,Duresky,McKinney,0.4398,0.5602,0.0156,0.9844,0,0.393771036517616,0.485732801627592,0.514267198372408,0.606228963482384,0,0,D,R,1,1,0.00015,https://seattally.com/#/house/Washington-04
Washington-05,WA-05,Conroy,Baumgarter,0.4553,0.5447,0.0355,0.9645,0,0.414548954260551,0.496032482264199,0.503967517735801,0.585451045739449,0,1,D,R,1,1,0.00025,https://seattally.com/#/house/Washington-05
Washington-06,WA-06,Randall,Fox,0.598,0.402,0.9999,9.9999999999989e-05,0,0.555703616838802,0.640270852911234,0.359729147088766,0.444296383161198,1,0,D,R,1,1,1e-05,https://seattally.com/#/house/Washington-06
Washington-07,WA-07,Jayapal,Sheth,0.8818,0.1182,1,0,0,0.839240888417777,0.924368738961227,0.0756312610387727,0.160759111582223,1,0,D,R,1,1,0,https://seattally.com/#/house/Washington-07
Washington-08,WA-08,Schrier,Meline,0.5621,0.4379,0.9923,0.00770000000000004,0,0.519918991857853,0.604242095582966,0.395757904417034,0.480081008142147,1,0,D,R,1,1,0.00187,https://seattally.com/#/house/Washington-08
Washington-09,WA-09,Smith,Basler,0.7424,0.2576,1,0,0,0.694062307645924,0.790772771428565,0.209227228571435,0.305937692354076,1,0,D,R,1,1,0,https://seattally.com/#/house/Washington-09
Washington-10,WA-10,Strickland,Chung,0.6087,0.3913,1,0,0,0.5664732233871,0.650952187403364,0.349047812596636,0.4335267766129,1,0,D,R,1,1,1e-05,https://seattally.com/#/house/Washington-10
West Virginia-01,WV-01,George,Miller,0.3267,0.6733,0,1,0,0.285301126819136,0.368099744706212,0.631900255293788,0.714698873180864,0,1,D,R,1,1,0,https://seattally.com/#/house/West Virginia-01
West Virginia-02,WV-02,Parsi,Moore,0.3353,0.6647,0,1,0,0.293958100679603,0.376587781244328,0.623412218755672,0.706041899320397,0,1,D,R,1,1,0,https://seattally.com/#/house/West Virginia-02
Wisconsin-01,WI-01,Berman,Steil,0.4952,0.5048,0.4225,0.5775,0,0.45520769966238,0.535281613837085,0.464718386162915,0.54479230033762,0,1,D,R,1,1,0.01407,https://seattally.com/#/house/Wisconsin-01
Wisconsin-02,WI-02,Pocan,N/A,1,0,1,0,0,1,1,0,0,1,0,D,,1,1,0,https://seattally.com/#/house/Wisconsin-02
Wisconsin-03,WI-03,Cooke,Van Orden,0.522,0.478,0.8161,0.1839,1,0.481784303049819,0.562311380764691,0.437688619235309,0.518215696950181,0,1,D,R,1,1,0.02561,https://seattally.com/#/house/Wisconsin-03
Wisconsin-04,WI-04,Moore,Rogers,0.792,0.208,1,0,0,0.749622594228932,0.834359968314298,0.165640031685702,0.250377405771068,1,0,D,R,1,1,0,https://seattally.com/#/house/Wisconsin-04
Wisconsin-05,WI-05,Beck,Fitzgerald,0.4067,0.5933,0.0001,0.9999,0,0.365211961240382,0.448121932831169,0.551878067168831,0.634788038759618,0,1,D,R,1,1,0,https://seattally.com/#/house/Wisconsin-05
Wisconsin-06,WI-06,Smith,Grothman,0.4325,0.5675,0.0032,0.9968,0,0.391836870931922,0.473150390767921,0.526849609232079,0.608163129068078,0,1,D,R,1,1,0,https://seattally.com/#/house/Wisconsin-06
Wisconsin-07,WI-07,Clark,Alfonso,0.4214,0.5786,0.0023,0.9977,0,0.375676545781525,0.46707348661821,0.53292651338179,0.624323454218475,0,0,D,R,1,1,1e-05,https://seattally.com/#/house/Wisconsin-07
Wisconsin-08,WI-08,Crosson,Wied,0.4615,0.5385,0.0625,0.9375,0,0.420124641008147,0.502781608350994,0.497218391649006,0.579875358991853,0,1,D,R,1,1,0.00047,https://seattally.com/#/house/Wisconsin-08
Wyoming-00,WY-AL,Kinney,Gray,0.315,0.685,0,1,0,0.269316766246609,0.36063850967401,0.63936149032599,0.730683233753391,0,0,D,R,1,1,0,https://seattally.com/#/house/Wyoming-00
