GeographyName,ElectionName,DemCandidate,RepCandidate,DemEstimate,RepEstimate,DemChance,RepChance,Flip,DemLow95,DemHigh95,RepLow95,RepHigh95,DemIncumbent,RepIncumbent,DemParty,RepParty,DemConfirmed,RepConfirmed,TippingPointChance,Link,MapLink,MarginLink
Alabama,Alabama,Wess,Moore,0.3884,0.6116,0.0004,0.9996,0,0.333241736171781,0.44359795806269,0.55640204193731,0.666758263828219,0,0,D,R,1,1,6e-05,https://seattally.com/#/senate/Alabama,https://datawrapper.dwcdn.net/L5jYd/3/,https://datawrapper.dwcdn.net/Xzqvr/6/
Alaska,Alaska,Peltola,Sullivan,0.5003,0.4997,0.5035,0.4965,1,0.44570623737086,0.554882067563048,0.445117932436952,0.55429376262914,0,1,D,R,1,1,0.08747,https://seattally.com/#/senate/Alaska,https://datawrapper.dwcdn.net/M2ODU/6/,https://datawrapper.dwcdn.net/bViLE/2/
Arkansas,Arkansas,Shoffner,Cotton,0.433,0.567,0.0326,0.9674,0,0.373188273018946,0.492785896196237,0.507214103803763,0.626811726981054,0,1,D,R,1,1,0.00756,https://seattally.com/#/senate/Arkansas,https://datawrapper.dwcdn.net/Kk7CG/3/,https://datawrapper.dwcdn.net/F9ovZ/1/
Colorado,Colorado,Hickenlooper,Baisley,0.5982,0.4018,0.9831,0.0169,0,0.522106416519244,0.674201461212461,0.325798538787539,0.477893583480756,1,0,D,R,1,1,0.00545,https://seattally.com/#/senate/Colorado,https://datawrapper.dwcdn.net/IlKUu/2/,https://datawrapper.dwcdn.net/avav2/1/
Delaware,Delaware,Coons,Katz,0.6153,0.3847,0.992,0.00800000000000001,0,0.53659343739178,0.694069631133613,0.305930368866387,0.46340656260822,1,0,D,R,1,1,0.00277,https://seattally.com/#/senate/Delaware,https://datawrapper.dwcdn.net/qTVob/3/,https://datawrapper.dwcdn.net/MdUgq/1/
Georgia,Georgia,Ossoff,Collins,0.5328,0.4672,0.855,0.145,0,0.481838201238754,0.583683288969739,0.416316711030261,0.518161798761246,1,0,D,R,1,1,0.04884,https://seattally.com/#/senate/Georgia,https://datawrapper.dwcdn.net/WpSPx/2/,https://datawrapper.dwcdn.net/lZ4Nz/1/
Idaho,Idaho,Achilles,Risch,0.415,0.585,0.0059,0.9941,0,0.359401419244519,0.470567484133326,0.529432515866674,0.640598580755481,0,1,I,R,1,1,0.00144,https://seattally.com/#/senate/Idaho,https://datawrapper.dwcdn.net/Qum5t/3/,https://datawrapper.dwcdn.net/E6Pjq/1/
Illinois,Illinois,Stratton,Tracy,0.6078,0.3922,0.9808,0.0192,0,0.522149570103907,0.693358711234382,0.306641288765618,0.477850429896093,0,0,D,R,1,1,0.00544,https://seattally.com/#/senate/Illinois,https://datawrapper.dwcdn.net/ZGlkl/2/,https://datawrapper.dwcdn.net/UhXKm/1/
Iowa,Iowa,Turek,Hinson,0.494,0.506,0.4246,0.5754,0,0.441811610200063,0.546130204079372,0.453869795920628,0.558188389799937,0,0,D,R,1,1,0.09284,https://seattally.com/#/senate/Iowa,https://datawrapper.dwcdn.net/C2y4s/2/,https://datawrapper.dwcdn.net/NcQu0/1/
Kansas,Kansas,Hamilton,Marshall,0.4768,0.5232,0.2337,0.7663,0,0.424427757344502,0.529258463171637,0.470741536828363,0.575572242655498,0,1,D,R,1,1,0.05955,https://seattally.com/#/senate/Kansas,https://datawrapper.dwcdn.net/HLFkX/2/,https://datawrapper.dwcdn.net/aozqk/1/
Kentucky,Kentucky,Booker,Barr,0.4102,0.5898,0.008,0.992,0,0.348791638244752,0.471543769362347,0.528456230637653,0.651208361755248,0,0,D,R,1,1,0.00198,https://seattally.com/#/senate/Kentucky,https://datawrapper.dwcdn.net/4tMEr/2/,https://datawrapper.dwcdn.net/epWaB/1/
Louisiana,Louisiana,Davis,Letlow,0.4461,0.5539,0.0656,0.9344,0,0.387366168424885,0.504854709255721,0.495145290744279,0.612633831575115,0,0,D,R,1,1,0.01757,https://seattally.com/#/senate/Louisiana,https://datawrapper.dwcdn.net/H2YUW/2/,https://datawrapper.dwcdn.net/gidh7/1/
Maine,Maine,Jackson,Collins,0.5146,0.4854,0.6795,0.3205,1,0.463151443286542,0.566004100875517,0.433995899124483,0.536848556713458,0,1,D,R,1,1,0.08719,https://seattally.com/#/senate/Maine,https://datawrapper.dwcdn.net/IJ91S/2/,https://datawrapper.dwcdn.net/r8EsT/1/
Massachusetts,Massachusetts,Markey,Deaton,0.6605,0.3395,1,0,0,0.608760465940851,0.71229371246936,0.28770628753064,0.391239534059149,1,0,D,R,1,1,0,https://seattally.com/#/senate/Massachusetts,https://datawrapper.dwcdn.net/YFinC/2/,https://datawrapper.dwcdn.net/INabw/1/
Michigan,Michigan,El-Sayed,Rogers,0.5233,0.4767,0.7812,0.2188,0,0.473882344707693,0.57279733285694,0.42720266714306,0.526117655292307,0,0,D,R,1,1,0.06836,https://seattally.com/#/senate/Michigan,https://datawrapper.dwcdn.net/HOuqv/2/,https://datawrapper.dwcdn.net/TcLUy/1/
Minnesota,Minnesota,Flanagan,Tafoya,0.5293,0.4707,0.8308,0.1692,0,0.478959471434,0.579632039091717,0.420367960908283,0.521040528566,0,0,D,R,1,1,0.05367,https://seattally.com/#/senate/Minnesota,https://datawrapper.dwcdn.net/GCOJQ/7/,https://datawrapper.dwcdn.net/GsVeF/1/
Mississippi,Mississippi,Colom,Hyde-Smith,0.4461,0.5539,0.0676,0.9324,0,0.386758659360508,0.505464646456709,0.494535353543291,0.613241340639492,0,1,D,R,1,1,0.01666,https://seattally.com/#/senate/Mississippi,https://datawrapper.dwcdn.net/LhaVT/1/,https://datawrapper.dwcdn.net/cbONR/1/
Montana,Montana,Bodnar,Alme,0.3981,0.6019,0.0013,0.9987,0,0.342446517347725,0.453720598901503,0.546279401098497,0.657553482652275,0,0,I,R,0,1,0.00029,https://seattally.com/#/senate/Montana,https://datawrapper.dwcdn.net/Qnl9M/1/,https://datawrapper.dwcdn.net/js8FS/1/
Nebraska,Nebraska,Osborn,Ricketts,0.4671,0.5329,0.1513,0.8487,0,0.414600446973366,0.519605522315032,0.480394477684968,0.585399553026634,0,1,I,R,1,1,0.04085,https://seattally.com/#/senate/Nebraska,https://datawrapper.dwcdn.net/FjBVc/1/,https://datawrapper.dwcdn.net/x9rhn/1/
New Hampshire,New Hampshire,Pappas,Sununu,0.5413,0.4587,0.8983,0.1017,0,0.487892336877404,0.594702132692655,0.405297867307345,0.512107663122596,0,0,D,R,1,1,0.03243,https://seattally.com/#/senate/New Hampshire,https://datawrapper.dwcdn.net/uxoKJ/1/,https://datawrapper.dwcdn.net/3U8Wo/1/
New Jersey,New Jersey,Booker,Murphy,0.5776,0.4224,0.9545,0.0455,0,0.502058340255391,0.653046796507241,0.346953203492759,0.497941659744609,1,0,D,R,1,1,0.01307,https://seattally.com/#/senate/New Jersey,https://datawrapper.dwcdn.net/fq5wz/1/,https://datawrapper.dwcdn.net/F74Ob/1/
New Mexico,New Mexico,Lujan,Marker,0.5768,0.4232,0.9829,0.0171,0,0.517139359879877,0.636493481390171,0.363506518609829,0.482860640120123,1,0,D,R,1,1,0.00695,https://seattally.com/#/senate/New Mexico,https://datawrapper.dwcdn.net/WlskN/1/,https://datawrapper.dwcdn.net/YvyD9/1/
North Carolina,North Carolina,Cooper,Whatley,0.537,0.463,0.8869,0.1131,1,0.486724185670974,0.587230337302727,0.412769662697273,0.513275814329026,0,0,D,R,1,1,0.04006,https://seattally.com/#/senate/North Carolina,https://datawrapper.dwcdn.net/iRszJ/2/,https://datawrapper.dwcdn.net/eP9bN/1/
Oklahoma,Oklahoma,Thomas,Hern,0.3614,0.6386,0.0004,0.9996,0,0.293773993530027,0.428997307344065,0.571002692655935,0.706226006469973,0,0,D,R,1,1,0.0001,https://seattally.com/#/senate/Oklahoma,https://datawrapper.dwcdn.net/L98i8/1/,https://datawrapper.dwcdn.net/k2GgG/1/
Oregon,Oregon,Merkley,Smith,0.6157,0.3843,0.994,0.00600000000000001,0,0.539909606668456,0.691483553698867,0.308516446301133,0.460090393331544,1,0,D,R,1,1,0.00203,https://seattally.com/#/senate/Oregon,https://datawrapper.dwcdn.net/9qyeD/1/,https://datawrapper.dwcdn.net/AZoAt/1/
Rhode Island,Rhode Island,Reed,McKay,0.6286,0.3714,0.9999,9.9999999999989e-05,0,0.573330008623464,0.683958292417928,0.316041707582072,0.426669991376536,1,0,D,R,1,1,6e-05,https://seattally.com/#/senate/Rhode Island,https://datawrapper.dwcdn.net/LmyvC/1/,https://datawrapper.dwcdn.net/yTqPD/1/
South Carolina,South Carolina,Andrews,Graham Nordone,0.4787,0.5213,0.2544,0.7456,0,0.42567666857849,0.531728629711823,0.468271370288177,0.574323331421509,0,1,D,R,1,1,0.06281,https://seattally.com/#/senate/South Carolina,https://datawrapper.dwcdn.net/YLc6F/1/,https://datawrapper.dwcdn.net/JXypA/1/
South Dakota,South Dakota,Bengs,Rounds,0.4286,0.5714,0.0183,0.9817,0,0.372405634792458,0.484761171314515,0.515238828685485,0.627594365207542,0,1,I,R,1,1,0.00385,https://seattally.com/#/senate/South Dakota,https://datawrapper.dwcdn.net/2jBLa/2/,https://datawrapper.dwcdn.net/31YGU/1/
Tennessee,Tennessee,Bradshaw,Hagerty,0.3846,0.6154,0.0003,0.9997,0,0.32878907063185,0.440468409784667,0.559531590215333,0.67121092936815,0,1,D,R,1,1,3e-05,https://seattally.com/#/senate/Tennessee,https://datawrapper.dwcdn.net/pRFDI/1/,https://datawrapper.dwcdn.net/cygWM/1/
Texas,Texas,Talarico,Paxton,0.4942,0.5058,0.4249,0.5751,0,0.444112553693271,0.544346552203789,0.455653447796211,0.555887446306729,0,0,D,R,1,1,0.09116,https://seattally.com/#/senate/Texas,https://datawrapper.dwcdn.net/Gepco/2/,https://datawrapper.dwcdn.net/jgtK5/1/
Virginia,Virginia,Warner,Mizusawa,0.5926,0.4074,0.9947,0.00529999999999997,0,0.532991093466982,0.652270930487562,0.347729069512438,0.467008906533018,1,0,D,R,1,1,0.00226,https://seattally.com/#/senate/Virginia,https://datawrapper.dwcdn.net/8h0Gr/1/,https://datawrapper.dwcdn.net/U34bW/1/
West Virginia,West Virginia,Anderson,Capito,0.325,0.675,0.0001,0.9999,0,0.247417354201523,0.40265753937762,0.59734246062238,0.752582645798477,0,1,D,R,1,1,2e-05,https://seattally.com/#/senate/West Virginia,https://datawrapper.dwcdn.net/prZ2y/1/,https://datawrapper.dwcdn.net/WH9HB/1/
Wyoming,Wyoming,Byrd,Hageman,0.3294,0.6706,0.0008,0.9992,0,0.240188131771035,0.418611429660574,0.581388570339426,0.759811868228965,0,0,D,R,1,1,0.00012,https://seattally.com/#/senate/Wyoming,https://datawrapper.dwcdn.net/EkBqQ/1/,https://datawrapper.dwcdn.net/VzloJ/1/
Florida,Florida Special,Nixon,Moody,0.4733,0.5267,0.1921,0.8079,0,0.422705318754855,0.523814588499436,0.476185411500564,0.577294681245145,0,1,D,R,1,1,0.05355,https://seattally.com/#/senate/Florida Special,https://datawrapper.dwcdn.net/0MGGI/2/,https://datawrapper.dwcdn.net/rhkNh/1/
Ohio,Ohio Special,Brown,Husted,0.5081,0.4919,0.6046,0.3954,1,0.457865861264384,0.558342643029406,0.441657356970594,0.542134138735616,0,1,D,R,1,1,0.09351,https://seattally.com/#/senate/Ohio Special,https://datawrapper.dwcdn.net/9RRwb/1/,https://datawrapper.dwcdn.net/yZOXN/1/
