Date,DemSeatsMean,RepSeatsMean,DemSeatsLow95,DemSeatsHigh95,RepSeatsLow95,RepSeatsHigh95,DemWinChance,RepWinChance
2025-11-05,49.4926,50.5074,45.17284877,53.96850307,46.03149693,54.82715123,0.3443,0.6557
2025-11-06,49.4902,50.5098,45.21452869,53.89182208,46.10817792,54.78547131,0.3436,0.6564
2025-11-07,49.4957,50.5043,45.25831514,53.99051083,46.00948917,54.74168486,0.3422,0.6578
2025-11-08,49.5447,50.4553,45.34348034,54.01435216,45.98564784,54.65651966,0.3475,0.6525
2025-11-09,49.6279,50.3721,45.33478066,54.09470309,45.90529691,54.66521934,0.3624,0.6376
2025-11-10,49.7363,50.2637,45.52076416,54.25711157,45.74288843,54.47923584,0.3794,0.6206
2025-11-11,49.6689,50.3311,45.42719744,54.20755733,45.79244267,54.57280256,0.3655,0.6345
2025-11-12,49.8174,50.1826,45.5979615,54.2668931,45.7331069,54.4020385,0.3911,0.6089
2025-11-13,49.5868,50.4132,45.2061508,54.0825302,45.9174698,54.7938492,0.355,0.645
2025-11-14,49.5551,50.4449,45.39408079,53.94225205,46.05774795,54.60591921,0.3496,0.6504
2025-11-15,49.6494,50.3506,45.47905366,54.13541708,45.86458292,54.52094634,0.3612,0.6388
2025-11-16,49.6701,50.3299,45.50577405,54.21905085,45.78094915,54.49422595,0.3654,0.6346
2025-11-17,49.6689,50.3311,45.48096011,54.17648545,45.82351455,54.51903989,0.3697,0.6303
2025-11-18,49.6787,50.3213,45.44138909,54.14741634,45.85258366,54.55861091,0.3697,0.6303
2025-11-19,49.6272,50.3728,45.32139313,54.0670901,45.9329099,54.67860687,0.3624,0.6376
2025-11-20,49.8063,50.1937,45.46869454,54.27123458,45.72876542,54.53130546,0.3933,0.6067
2025-11-21,49.7687,50.2313,45.5029295,54.12770858,45.87229142,54.4970705,0.3859,0.6141
2025-11-22,49.7462,50.2538,45.43441644,54.163477,45.836523,54.56558356,0.3832,0.6168
2025-11-23,49.7855,50.2145,45.52109533,54.24027783,45.75972217,54.47890467,0.3801,0.6199
2025-11-24,49.7669,50.2331,45.47839797,54.23133076,45.76866924,54.52160203,0.3822,0.6178
2025-11-25,49.8606,50.1394,45.57466764,54.32312369,45.67687631,54.42533236,0.4013,0.5987
2025-11-26,49.8045,50.1955,45.56603014,54.24461417,45.75538583,54.43396986,0.391,0.609
2025-11-27,49.7185,50.2815,45.52143862,54.12311074,45.87688926,54.47856138,0.375,0.625
2025-11-28,49.7339,50.2661,45.41736369,54.26703204,45.73296796,54.58263631,0.3749,0.6251
2025-11-29,49.7284,50.2716,45.48567364,54.1720013,45.8279987,54.51432636,0.3766,0.6234
2025-11-30,49.8544,50.1456,45.54779995,54.35812227,45.64187773,54.45220005,0.3956,0.6044
2025-12-01,49.7978,50.2022,45.54513148,54.34390165,45.65609835,54.45486852,0.3898,0.6102
2025-12-02,49.867,50.133,45.62843599,54.24309868,45.75690132,54.37156401,0.3941,0.6059
2025-12-03,49.716,50.284,45.49647719,54.22239463,45.77760537,54.50352281,0.3767,0.6233
2025-12-04,49.6429,50.3571,45.37054982,54.07990171,45.92009829,54.62945018,0.3679,0.6321
2025-12-05,49.6246,50.3754,45.38261575,54.11958717,45.88041283,54.61738425,0.36,0.64
2025-12-06,49.7066,50.2934,45.53568354,54.18434151,45.81565849,54.46431646,0.3702,0.6298
2025-12-07,49.6437,50.3563,45.28683945,54.15340752,45.84659248,54.71316055,0.3683,0.6317
2025-12-08,49.6808,50.3192,45.41906931,54.2385728,45.7614272,54.58093069,0.3666,0.6334
2025-12-09,49.6258,50.3742,45.3655464,54.0853509,45.9146491,54.6344536,0.3591,0.6409
2025-12-10,49.6547,50.3453,45.45649026,54.18841206,45.81158794,54.54350974,0.3632,0.6368
2025-12-11,49.5334,50.4666,45.28919907,54.0482783,45.9517217,54.71080093,0.3457,0.6543
2025-12-12,49.5771,50.4229,45.32220729,54.12878478,45.87121522,54.67779271,0.3511,0.6489
2025-12-13,49.5411,50.4589,45.3419911,53.97104256,46.02895744,54.6580089,0.3469,0.6531
2025-12-14,49.614,50.386,45.40508263,54.15976719,45.84023281,54.59491737,0.3578,0.6422
2025-12-15,49.6119,50.3881,45.46930897,53.91697424,46.08302576,54.53069103,0.362,0.638
2025-12-16,49.6165,50.3835,45.45231209,54.06337381,45.93662619,54.54768791,0.3587,0.6413
2025-12-17,49.7124,50.2876,45.40745797,54.21299541,45.78700459,54.59254203,0.3724,0.6276
2025-12-18,49.6447,50.3553,45.40083318,54.02114923,45.97885077,54.59916682,0.3623,0.6377
2025-12-19,49.6232,50.3768,45.32081228,54.08018841,45.91981159,54.67918772,0.3636,0.6364
2025-12-20,49.7186,50.2814,45.53390671,54.20390377,45.79609623,54.46609329,0.3717,0.6283
2025-12-21,49.6811,50.3189,45.45059495,54.15942406,45.84057594,54.54940505,0.3745,0.6255
2025-12-22,49.6854,50.3146,45.45384486,54.1549804,45.8450196,54.54615514,0.3706,0.6294
2025-12-23,49.6715,50.3285,45.49619438,54.15254635,45.84745365,54.50380562,0.3675,0.6325
2025-12-24,49.6597,50.3403,45.50211134,54.11218581,45.88781419,54.49788866,0.3668,0.6332
2025-12-25,49.7073,50.2927,45.43675523,54.16176946,45.83823054,54.56324477,0.3758,0.6242
2025-12-26,49.7127,50.2873,45.37939016,54.12662735,45.87337265,54.62060984,0.3794,0.6206
2025-12-27,49.7378,50.2622,45.53912138,54.22366164,45.77633836,54.46087862,0.3777,0.6223
2025-12-28,49.7587,50.2413,45.60260279,54.16332982,45.83667018,54.39739721,0.3736,0.6264
2025-12-29,49.7331,50.2669,45.44080354,54.23622358,45.76377642,54.55919646,0.3775,0.6225
2025-12-30,49.7667,50.2333,45.56634882,54.24476968,45.75523032,54.43365118,0.3825,0.6175
2025-12-31,49.8698,50.1302,45.58206662,54.37791742,45.62208258,54.41793338,0.3951,0.6049
2026-01-01,49.6482,50.3518,45.42411613,54.0347661,45.9652339,54.57588387,0.3605,0.6395
2026-01-02,49.6492,50.3508,45.43875574,54.01988021,45.98011979,54.56124426,0.3672,0.6328
2026-01-03,49.6696,50.3304,45.42510801,54.11458529,45.88541471,54.57489199,0.3664,0.6336
2026-01-04,49.6608,50.3392,45.50139534,53.98796214,46.01203786,54.49860466,0.3683,0.6317
2026-01-05,49.6377,50.3623,45.39768119,54.03582011,45.96417989,54.60231881,0.3647,0.6353
2026-01-06,49.6682,50.3318,45.51362326,54.08500693,45.91499307,54.48637674,0.3692,0.6308
2026-01-07,49.6249,50.3751,45.51412867,54.0660247,45.9339753,54.48587133,0.3627,0.6373
2026-01-08,49.5938,50.4062,45.38169995,54.10661119,45.89338881,54.61830005,0.3561,0.6439
2026-01-09,49.57,50.43,45.52066896,54.05383122,45.94616878,54.47933104,0.3477,0.6523
2026-01-10,49.5741,50.4259,45.3481903,54.10211904,45.89788096,54.6518097,0.3512,0.6488
2026-01-11,49.6497,50.3503,45.37965768,54.13106347,45.86893653,54.62034232,0.3682,0.6318
2026-01-12,49.6246,50.3754,45.39577513,54.11904886,45.88095114,54.60422487,0.3606,0.6394
2026-01-13,49.6603,50.3397,45.46196566,54.16010339,45.83989661,54.53803434,0.3638,0.6362
2026-01-14,50.0278,49.9722,45.90599962,54.42493996,45.57506004,54.09400038,0.4159,0.5841
2026-01-15,50.0069,49.9931,45.89108052,54.43283535,45.56716465,54.10891948,0.4129,0.5871
2026-01-16,49.9808,50.0192,45.86733448,54.29555875,45.70444125,54.13266552,0.4015,0.5985
2026-01-17,50.058,49.942,45.96742017,54.42184765,45.57815235,54.03257983,0.4189,0.5811
2026-01-18,50.0817,49.9183,45.81904964,54.42578162,45.57421838,54.18095036,0.4278,0.5722
2026-01-19,50.0877,49.9123,45.93670856,54.49617783,45.50382217,54.06329144,0.4203,0.5797
2026-01-20,50.0705,49.9295,45.97666223,54.3134215,45.6865785,54.02333777,0.4215,0.5785
2026-01-21,50.1099,49.8901,45.88141967,54.55816904,45.44183096,54.11858033,0.4276,0.5724
2026-01-22,49.9022,50.0978,45.8159707,54.24153651,45.75846349,54.1840293,0.3932,0.6068
2026-01-23,49.9424,50.0576,45.7864203,54.3724124,45.6275876,54.2135797,0.3973,0.6027
2026-01-24,49.9093,50.0907,45.81995604,54.26840423,45.73159577,54.18004396,0.3968,0.6032
2026-01-25,50.0509,49.9491,45.89406693,54.47564882,45.52435118,54.10593307,0.4199,0.5801
2026-01-26,49.9745,50.0255,45.81657915,54.41037395,45.58962605,54.18342085,0.4042,0.5958
2026-01-27,49.9591,50.0409,45.8235788,54.36112675,45.63887325,54.1764212,0.4057,0.5943
2026-01-28,49.9465,50.0535,45.8358378,54.21299222,45.78700778,54.1641622,0.407,0.593
2026-01-29,49.9034,50.0966,45.85367632,54.18089322,45.81910678,54.14632368,0.3928,0.6072
2026-01-30,49.9311,50.0689,45.82171694,54.27460937,45.72539063,54.17828306,0.399,0.601
2026-01-31,49.9387,50.0613,45.82532637,54.32652309,45.67347691,54.17467363,0.4018,0.5982
2026-02-01,49.9396,50.0604,45.82720299,54.25278458,45.74721542,54.17279701,0.4,0.6
2026-02-02,49.7028,50.2972,45.58752884,54.09725478,45.90274522,54.41247116,0.3699,0.6301
2026-02-03,49.7608,50.2392,45.59713551,54.02135679,45.97864321,54.40286449,0.3778,0.6222
2026-02-04,49.6818,50.3182,45.63929786,53.98996028,46.01003972,54.36070214,0.3654,0.6346
2026-02-05,49.7232,50.2768,45.60330173,54.15118406,45.84881594,54.39669827,0.3685,0.6315
2026-02-06,49.7156,50.2844,45.62767609,54.16364065,45.83635935,54.37232391,0.3687,0.6313
2026-02-07,49.7633,50.2367,45.5936263,53.9966846,46.0033154,54.4063737,0.3815,0.6185
2026-02-08,49.8053,50.1947,45.61685059,54.33284348,45.66715652,54.38314941,0.3795,0.6205
2026-02-09,49.7856,50.2144,45.64440234,54.13433423,45.86566577,54.35559766,0.3825,0.6175
2026-02-10,49.8165,50.1835,45.65349963,54.18733397,45.81266603,54.34650037,0.3868,0.6132
2026-02-11,49.7074,50.2926,45.55961368,54.1594631,45.8405369,54.44038632,0.3671,0.6329
2026-02-12,49.7186,50.2814,45.58709531,54.15760661,45.84239339,54.41290469,0.3658,0.6342
2026-02-13,49.7528,50.2472,45.58973486,54.16554581,45.83445419,54.41026514,0.3771,0.6229
2026-02-14,49.9506,50.0494,45.67318641,54.34048694,45.65951306,54.32681359,0.411,0.589
2026-02-15,50.0976,49.9024,45.8299288,54.42821942,45.57178058,54.1700712,0.4328,0.5672
2026-02-16,50.0721,49.9279,45.73851516,54.46453721,45.53546279,54.26148484,0.4257,0.5743
2026-02-17,50.1516,49.8484,45.9015039,54.57832414,45.42167586,54.0984961,0.4317,0.5683
2026-02-18,50.2,49.8,45.99975858,54.56736176,45.43263824,54.00024142,0.4392,0.5608
2026-02-19,50.1098,49.8902,45.92095111,54.44032097,45.55967903,54.07904889,0.4277,0.5723
2026-02-20,50.112,49.888,45.87001324,54.43239332,45.56760668,54.12998676,0.4243,0.5757
2026-02-21,50.1057,49.8943,45.99313652,54.45818723,45.54181277,54.00686348,0.4323,0.5677
2026-02-22,50.0385,49.9615,45.94269138,54.39530524,45.60469476,54.05730862,0.4133,0.5867
2026-02-23,49.9958,50.0042,45.83456968,54.3285425,45.6714575,54.16543032,0.4175,0.5825
2026-02-24,50.0019,49.9981,45.82344447,54.352717,45.647283,54.17655553,0.4161,0.5839
2026-02-25,50.0397,49.9603,45.81978909,54.36363568,45.63636432,54.18021091,0.4251,0.5749
2026-02-26,49.7622,50.2378,45.64581946,54.22022687,45.77977313,54.35418054,0.3762,0.6238
2026-02-27,49.7663,50.2337,45.69346156,54.09294077,45.90705923,54.30653844,0.3757,0.6243
2026-02-28,49.7726,50.2274,45.65089147,54.13273191,45.86726809,54.34910853,0.3778,0.6222
2026-03-01,49.8809,50.1191,45.73218475,54.26532775,45.73467225,54.26781525,0.3875,0.6125
2026-03-02,49.8354,50.1646,45.73756886,54.21820602,45.78179398,54.26243114,0.388,0.612
2026-03-03,49.8973,50.1027,45.73023909,54.2434638,45.7565362,54.26976091,0.3968,0.6032
2026-03-04,49.8045,50.1955,45.65205403,54.14735919,45.85264081,54.34794597,0.3794,0.6206
2026-03-05,49.8437,50.1563,45.69759201,54.18041264,45.81958736,54.30240799,0.3863,0.6137
2026-03-06,49.8429,50.1571,45.69348911,54.24490986,45.75509014,54.30651089,0.3793,0.6207
2026-03-07,49.865,50.135,45.66537487,54.19799607,45.80200393,54.33462513,0.3975,0.6025
2026-03-08,49.893,50.107,45.70331979,54.3080975,45.6919025,54.29668021,0.3933,0.6067
2026-03-09,49.9651,50.0349,45.79038785,54.34156366,45.65843634,54.20961215,0.4083,0.5917
2026-03-10,49.9683,50.0317,45.8435585,54.33341018,45.66658982,54.1564415,0.4021,0.5979
2026-03-11,50.0391,49.9609,45.92331644,54.39220358,45.60779642,54.07668356,0.417,0.583
2026-03-12,49.9378,50.0622,45.84670306,54.27733863,45.72266137,54.15329694,0.4046,0.5954
2026-03-13,49.8929,50.1071,45.67602831,54.34025161,45.65974839,54.32397169,0.3994,0.6006
2026-03-14,49.7621,50.2379,45.6235029,54.2146188,45.7853812,54.3764971,0.3742,0.6258
2026-03-15,49.878,50.122,45.68032882,54.27708812,45.72291188,54.31967118,0.3955,0.6045
2026-03-16,49.8723,50.1277,45.72627667,54.24965799,45.75034201,54.27372333,0.3907,0.6093
2026-03-17,49.8931,50.1069,45.72761132,54.30237752,45.69762248,54.27238868,0.4002,0.5998
2026-03-18,49.9049,50.0951,45.75004498,54.26745864,45.73254136,54.24995502,0.3963,0.6037
2026-03-19,49.7872,50.2128,45.66550804,54.19544264,45.80455736,54.33449196,0.3822,0.6178
2026-03-20,49.8314,50.1686,45.72183509,54.19900981,45.80099019,54.27816491,0.3849,0.6151
2026-03-21,49.9256,50.0744,45.76913445,54.32878632,45.67121368,54.23086555,0.4002,0.5998
2026-03-22,49.946,50.054,45.73472915,54.43048442,45.56951558,54.26527085,0.4114,0.5886
2026-03-23,49.872,50.128,45.63553381,54.28140426,45.71859574,54.36446619,0.3932,0.6068
2026-03-24,49.9,50.1,45.66037042,54.33859266,45.66140734,54.33962958,0.3985,0.6015
2026-03-25,49.909,50.091,45.67213772,54.36642587,45.63357413,54.32786228,0.401,0.599
2026-03-26,49.9053,50.0947,45.66409002,54.32184047,45.67815953,54.33590998,0.4045,0.5955
2026-03-27,49.8792,50.1208,45.67208683,54.25932985,45.74067015,54.32791317,0.393,0.607
2026-03-28,49.8512,50.1488,45.71096063,54.21347849,45.78652151,54.28903937,0.39,0.61
2026-03-29,49.9113,50.0887,45.79335331,54.32244967,45.67755033,54.20664669,0.3972,0.6028
2026-03-30,49.884,50.116,45.6349376,54.30177589,45.69822411,54.3650624,0.3938,0.6062
2026-03-31,50.0412,49.9588,45.77388278,54.42966116,45.57033884,54.22611722,0.4205,0.5795
2026-04-01,49.9172,50.0828,45.64036802,54.37830626,45.62169374,54.35963198,0.4014,0.5986
2026-04-02,49.7532,50.2468,45.47947264,54.16314379,45.83685621,54.52052736,0.3835,0.6165
2026-04-03,49.847,50.153,45.57170574,54.27539883,45.72460117,54.42829426,0.3937,0.6063
2026-04-04,49.8756,50.1244,45.56875447,54.31060234,45.68939766,54.43124553,0.4029,0.5971
2026-04-05,49.8348,50.1652,45.57215206,54.26642313,45.73357687,54.42784794,0.3946,0.6054
2026-04-06,49.8876,50.1124,45.60847612,54.35366676,45.64633324,54.39152388,0.3967,0.6033
2026-04-07,49.8112,50.1888,45.59617783,54.30809637,45.69190363,54.40382217,0.3863,0.6137
2026-04-08,49.8361,50.1639,45.57701711,54.38201328,45.61798672,54.42298289,0.3884,0.6116
2026-04-09,49.8647,50.1353,45.63718163,54.25873741,45.74126259,54.36281837,0.3941,0.6059
2026-04-10,49.9064,50.0936,45.68351534,54.27541395,45.72458605,54.31648466,0.4044,0.5956
2026-04-11,49.8788,50.1212,45.66141745,54.31953544,45.68046456,54.33858255,0.3946,0.6054
2026-04-12,50.0133,49.9867,45.81966793,54.45197922,45.54802078,54.18033207,0.4168,0.5832
2026-04-13,50.1075,49.8925,45.96622778,54.48501142,45.51498858,54.03377222,0.4281,0.5719
2026-04-14,50.0239,49.9761,45.69901365,54.49797792,45.50202208,54.30098635,0.4179,0.5821
2026-04-15,50.2828,49.7172,46.01700317,54.71052179,45.28947821,53.98299683,0.4588,0.5412
2026-04-16,50.1228,49.8772,45.79504033,54.45420027,45.54579973,54.20495967,0.4322,0.5678
2026-04-17,50.1278,49.8722,45.78202067,54.56653644,45.43346356,54.21797933,0.4397,0.5603
2026-04-18,50.0671,49.9329,45.74389468,54.41562811,45.58437189,54.25610532,0.4296,0.5704
2026-04-19,50.1673,49.8327,45.82344405,54.55189427,45.44810573,54.17655595,0.4425,0.5575
2026-04-20,50.1959,49.8041,45.81867574,54.71667616,45.28332384,54.18132426,0.4484,0.5516
2026-04-21,50.203,49.797,45.87555391,54.59785149,45.40214851,54.12444609,0.4472,0.5528
2026-04-22,50.1844,49.8156,45.81961513,54.67333176,45.32666824,54.18038487,0.445,0.555
2026-04-23,50.0775,49.9225,45.79699866,54.43327305,45.56672695,54.20300134,0.431,0.569
2026-04-24,50.085,49.915,45.82232282,54.47148612,45.52851388,54.17767718,0.4313,0.5687
2026-04-25,50.0886,49.9114,45.71463579,54.53129309,45.46870691,54.28536421,0.4288,0.5712
2026-04-26,50.0827,49.9173,45.80763808,54.44530066,45.55469934,54.19236192,0.433,0.567
2026-04-27,50.2124,49.7876,45.91457597,54.62103783,45.37896217,54.08542403,0.4496,0.5504
2026-04-28,50.201,49.799,45.85211925,54.71717166,45.28282834,54.14788075,0.4443,0.5557
2026-04-29,50.0742,49.9258,45.76564165,54.51736071,45.48263929,54.23435835,0.4288,0.5712
2026-04-30,50.0013,49.9987,45.63769631,54.56647342,45.43352658,54.36230369,0.4157,0.5843
2026-05-01,49.9941,50.0059,45.67618082,54.44751705,45.55248295,54.32381918,0.4183,0.5817
2026-05-02,49.9837,50.0163,45.62722731,54.49115563,45.50884437,54.37277269,0.4139,0.5861
2026-05-03,50.1077,49.8923,45.84954895,54.49851802,45.50148198,54.15045105,0.4277,0.5723
2026-05-04,50.1669,49.8331,45.93531637,54.64779759,45.35220241,54.06468363,0.4369,0.5631
2026-05-05,50.1134,49.8866,45.80762687,54.52787852,45.47212148,54.19237313,0.4308,0.5692
2026-05-06,50.1251,49.8749,45.84244689,54.50443385,45.49556615,54.15755311,0.4348,0.5652
2026-05-07,50.2069,49.7931,45.91986381,54.65999004,45.34000996,54.08013619,0.4398,0.5602
2026-05-08,50.1685,49.8315,45.86240488,54.62692752,45.37307248,54.13759512,0.4392,0.5608
2026-05-09,50.1635,49.8365,45.90627988,54.65657237,45.34342763,54.09372012,0.4393,0.5607
2026-05-10,50.2543,49.7457,45.96057592,54.85126741,45.14873259,54.03942408,0.4457,0.5543
2026-05-11,50.3213,49.6787,45.93706898,54.96793893,45.03206107,54.06293102,0.4638,0.5362
2026-05-12,50.2863,49.7137,45.95684562,54.96051959,45.03948041,54.04315438,0.4495,0.5505
2026-05-13,50.4568,49.5432,46.06231145,55.04481608,44.95518392,53.93768855,0.4798,0.5202
2026-05-14,50.2087,49.7913,45.90838029,54.75684533,45.24315467,54.09161971,0.4473,0.5527
2026-05-15,50.318,49.682,45.91448205,54.93964325,45.06035675,54.08551795,0.4667,0.5333
2026-05-16,50.3961,49.6039,46.07507014,54.9205429,45.0794571,53.92492986,0.4749,0.5251
2026-05-17,50.3443,49.6557,45.95873191,54.91294711,45.08705289,54.04126809,0.4691,0.5309
2026-05-18,50.3664,49.6336,45.99522047,54.9929822,45.0070178,54.00477953,0.4653,0.5347
2026-05-19,50.5035,49.4965,46.05173375,55.10567406,44.89432594,53.94826625,0.4863,0.5137
2026-05-20,50.5097,49.4903,46.12942046,55.16199961,44.83800039,53.87057954,0.4854,0.5146
2026-05-21,50.2815,49.7185,46.0564453,54.86739066,45.13260934,53.9435547,0.4507,0.5493
2026-05-22,50.3831,49.6169,45.99765578,54.90956824,45.09043176,54.00234422,0.4707,0.5293
2026-05-23,50.5434,49.4566,46.24143949,55.14025256,44.85974744,53.75856051,0.4942,0.5058
2026-05-24,50.5672,49.4328,46.19478245,55.17025224,44.82974776,53.80521755,0.501,0.499
2026-05-25,50.4881,49.5119,46.13859486,55.14255527,44.85744473,53.86140514,0.488,0.512
2026-05-26,50.7696,49.2304,46.47669875,55.29538857,44.70461143,53.52330125,0.5338,0.4662
2026-05-27,50.7841,49.2159,46.36828991,55.41148828,44.58851172,53.63171009,0.5347,0.4653
2026-05-28,50.6879,49.3121,46.32944845,55.25464696,44.74535304,53.67055155,0.5199,0.4801
2026-05-29,50.7181,49.2819,46.47969089,55.1901545,44.8098455,53.52030911,0.5284,0.4716
2026-05-30,50.773,49.227,46.49260248,55.33934132,44.66065868,53.50739752,0.5317,0.4683
2026-05-31,50.6834,49.3166,46.46627372,55.24545932,44.75454068,53.53372628,0.518,0.482
2026-06-01,50.6635,49.3365,46.30192671,55.23549243,44.76450757,53.69807329,0.5153,0.4847
2026-06-02,50.5593,49.4407,46.15715812,55.16095712,44.83904288,53.84284188,0.4998,0.5002
2026-06-03,50.4342,49.5658,46.15485366,54.89821497,45.10178503,53.84514634,0.485,0.515
2026-06-04,50.3544,49.6456,46.01099821,54.85337683,45.14662317,53.98900179,0.4721,0.5279
2026-06-05,50.3564,49.6436,46.00159998,54.94581497,45.05418503,53.99840002,0.4757,0.5243
2026-06-06,50.4373,49.5627,46.07673309,54.89082783,45.10917217,53.92326691,0.4786,0.5214
2026-06-07,50.3547,49.6453,46.01787803,54.93035241,45.06964759,53.98212197,0.4645,0.5355
2026-06-08,50.2557,49.7443,45.94240884,54.74059827,45.25940173,54.05759116,0.4562,0.5438
2026-06-09,50.1866,49.8134,45.93744719,54.68636175,45.31363825,54.06255281,0.4415,0.5585
2026-06-10,50.2496,49.7504,45.9937648,54.710902,45.289098,54.0062352,0.4534,0.5466
2026-06-11,50.2485,49.7515,46.00816463,54.68108449,45.31891551,53.99183537,0.4522,0.5478
2026-06-12,50.2866,49.7134,45.9884888,54.71881794,45.28118206,54.0115112,0.4619,0.5381
2026-06-13,50.3851,49.6149,46.09887973,54.84972631,45.15027369,53.90112027,0.4758,0.5242
2026-06-14,50.3854,49.6146,46.09887973,54.85278112,45.14721888,53.90112027,0.4759,0.5241
2026-06-15,50.3609,49.6391,46.11390056,54.75556816,45.24443184,53.88609944,0.4744,0.5256
2026-06-16,50.3207,49.6793,46.13047269,54.72982775,45.27017225,53.86952731,0.4598,0.5402
2026-06-17,50.1719,49.8281,45.79024181,54.61187084,45.38812916,54.20975819,0.447,0.553
2026-06-18,50.0276,49.9724,45.72469681,54.33725745,45.66274255,54.27530319,0.4264,0.5736
2026-06-19,50.0547,49.9453,45.8253204,54.36226065,45.63773935,54.1746796,0.4237,0.5763
2026-06-20,50.0067,49.9933,45.80057232,54.27153677,45.72846323,54.19942768,0.4188,0.5812
2026-06-21,50.0804,49.9196,45.82935971,54.44577359,45.55422641,54.17064029,0.4298,0.5702
2026-06-22,50.0421,49.9579,45.7961394,54.32172217,45.67827783,54.2038606,0.4253,0.5747
2026-06-23,50.1767,49.8233,45.94935307,54.37316963,45.62683037,54.05064693,0.4466,0.5534
2026-06-24,50.1361,49.8639,45.91205797,54.31547751,45.68452249,54.08794203,0.4407,0.5593
2026-06-25,50.0828,49.9172,45.97953689,54.30214864,45.69785136,54.02046311,0.425,0.575
2026-06-26,49.8099,50.1901,45.63219204,54.0873166,45.9126834,54.36780796,0.387,0.613
2026-06-27,49.8249,50.1751,45.76820819,54.04581074,45.95418926,54.23179181,0.3854,0.6146
2026-06-28,49.8403,50.1597,45.71218687,54.16668018,45.83331982,54.28781313,0.388,0.612
2026-06-29,49.9168,50.0832,45.76996363,54.10799487,45.89200513,54.23003637,0.4021,0.5979
2026-06-30,49.6722,50.3278,45.57139203,53.98389277,46.01610723,54.42860797,0.3657,0.6343
2026-07-01,49.8909,50.1091,45.73061944,54.20001711,45.79998289,54.26938056,0.3983,0.6017
2026-07-02,49.9311,50.0689,45.87365921,54.17951932,45.82048068,54.12634079,0.4055,0.5945
2026-07-03,49.9483,50.0517,45.75962213,54.29166247,45.70833753,54.24037787,0.4079,0.5921
2026-07-04,49.9636,50.0364,45.71995177,54.15736313,45.84263687,54.28004823,0.415,0.585
2026-07-05,49.9984,50.0016,45.85757025,54.29301394,45.70698606,54.14242975,0.4165,0.5835
2026-07-06,50.1207,49.8793,46.02794942,54.27385294,45.72614706,53.97205058,0.4364,0.5636
2026-07-07,49.9845,50.0155,45.91712201,54.19464298,45.80535702,54.08287799,0.4134,0.5866
2026-07-08,49.962,50.038,45.7613807,54.30526092,45.69473908,54.2386193,0.4066,0.5934
2026-07-09,49.9337,50.0663,45.84095232,54.17460841,45.82539159,54.15904768,0.405,0.595
2026-07-10,49.9023,50.0977,45.79257421,54.14666937,45.85333063,54.20742579,0.4002,0.5998
2026-07-11,49.9468,50.0532,45.81560195,54.21097247,45.78902753,54.18439805,0.4092,0.5908
2026-07-12,49.9272,50.0728,45.70410787,54.31717188,45.68282812,54.29589213,0.4034,0.5966
2026-07-13,49.8407,50.1593,45.67579566,54.15555463,45.84444537,54.32420434,0.394,0.606
2026-07-14,49.7696,50.2304,45.56844843,54.14336021,45.85663979,54.43155157,0.3819,0.6181
2026-07-15,49.8553,50.1447,45.6916895,54.16018772,45.83981228,54.3083105,0.396,0.604
2026-07-16,49.6861,50.3139,45.60348294,53.90674152,46.09325848,54.39651706,0.3675,0.6325
2026-07-17,49.684,50.316,45.61107558,53.90353859,46.09646141,54.38892442,0.3661,0.6339
2026-07-18,49.6746,50.3254,45.60348294,53.89789304,46.10210696,54.39651706,0.3652,0.6348
2026-07-19,49.6507,50.3493,45.52340242,53.99295344,46.00704656,54.47659758,0.3642,0.6358
2026-07-20,49.7104,50.2896,45.63912154,53.94162919,46.05837081,54.36087846,0.3688,0.6312
2026-07-21,49.7702,50.2298,45.61803328,53.98017722,46.01982278,54.38196672,0.3861,0.6139
2026-07-22,49.777,50.223,45.65781499,54.06075015,45.93924985,54.34218501,0.3801,0.6199
2026-07-23,49.9703,50.0297,45.85947904,54.15775841,45.84224159,54.14052096,0.41,0.59
2026-07-24,49.9752,50.0248,45.86307742,54.16152059,45.83847941,54.13692258,0.4102,0.5898
2026-07-25,49.9752,50.0248,45.86307742,54.16152059,45.83847941,54.13692258,0.4102,0.5898
2026-07-26,49.9752,50.0248,45.86307742,54.16152059,45.83847941,54.13692258,0.4102,0.5898
2026-07-27,49.9341,50.0659,45.84218508,54.13901853,45.86098147,54.15781492,0.4025,0.5975
2026-07-28,49.758,50.242,45.66160362,54.08378701,45.91621299,54.33839638,0.3782,0.6218
2026-07-29,49.7484,50.2516,45.68835598,54.03365138,45.96634862,54.31164402,0.3736,0.6264
2026-07-30,49.7956,50.2044,45.62366043,54.10455862,45.89544138,54.37633957,0.3846,0.6154
2026-07-31,50.0449,49.9551,45.92724595,54.24896705,45.75103295,54.07275405,0.4241,0.5759
2026-08-01,50.0385,49.9615,45.92587865,54.24896705,45.75103295,54.07412135,0.4229,0.5771
2026-08-02,50.0185,49.9815,45.82098323,54.28968043,45.71031957,54.17901677,0.4189,0.5811
2026-08-03,50.0071,49.9929,45.79097938,54.33748087,45.66251913,54.20902062,0.4164,0.5836
2026-08-04,49.9971,50.0029,45.64579883,54.30021849,45.69978151,54.35420117,0.4233,0.5767
2026-08-05,50.0252,49.9748,45.77578198,54.46392312,45.53607688,54.22421802,0.4224,0.5776
2026-08-06,50.1322,49.8678,45.88410724,54.48868779,45.51131221,54.11589276,0.4341,0.5659
2026-08-07,50.0943,49.9057,45.88090318,54.45814652,45.54185348,54.11909682,0.4318,0.5682
2026-08-08,50.074,49.926,45.79097938,54.47035541,45.52964459,54.20902062,0.4256,0.5744
2026-08-09,50.0771,49.9229,45.6859814,54.39910977,45.60089023,54.3140186,0.4357,0.5643
2026-08-10,50.0452,49.9548,45.84421146,54.41589001,45.58410999,54.15578854,0.4243,0.5757
2026-08-11,50.1879,49.8121,45.95811559,54.54868216,45.45131784,54.04188441,0.4464,0.5536
2026-08-12,50.1535,49.8465,45.75937163,54.52258423,45.47741577,54.24062837,0.4455,0.5545
2026-08-13,50.3376,49.6624,46.21747678,54.68333278,45.31666722,53.78252322,0.4645,0.5355
2026-08-14,50.1691,49.8309,46.07300987,54.4043678,45.5956322,53.92699013,0.4395,0.5605
2026-08-15,50.1802,49.8198,45.96565181,54.48897704,45.51102296,54.03434819,0.4422,0.5578
2026-08-16,50.1877,49.8123,46.08675251,54.43651729,45.56348271,53.91324749,0.4404,0.5596
2026-08-17,50.1904,49.8096,46.09995043,54.43561772,45.56438228,53.90004957,0.4409,0.5591
2026-08-18,49.9701,50.0299,45.79331442,54.20074666,45.79925334,54.20668558,0.4146,0.5854
2026-08-19,50.206,49.794,46.06405752,54.43651729,45.56348271,53.93594248,0.4462,0.5538
2026-08-20,50.3378,49.6622,46.25437627,54.53052843,45.46947157,53.74562373,0.4672,0.5328
2026-08-21,50.3221,49.6779,46.22347105,54.52350911,45.47649089,53.77652895,0.4656,0.5344
2026-08-22,50.2832,49.7168,46.07728336,54.48909189,45.51090811,53.92271664,0.4622,0.5378
2026-08-23,50.2888,49.7112,46.00022093,54.43299579,45.56700421,53.99977907,0.4665,0.5335
2026-08-24,50.333,49.667,46.22792879,54.53107258,45.46892742,53.77207121,0.4676,0.5324
2026-08-25,50.3664,49.6336,46.10602956,54.49286922,45.50713078,53.89397044,0.4801,0.5199
2026-08-26,49.9456,50.0544,45.84218508,54.22159367,45.77840633,54.15781492,0.4047,0.5953
2026-08-27,50.1424,49.8576,46.01471471,54.39189537,45.60810463,53.98528529,0.4409,0.5591
2026-08-28,50.1397,49.8603,46.04942279,54.33319799,45.66680201,53.95057721,0.44,0.56
2026-08-29,50.4693,49.5307,46.245065,54.60328333,45.39671667,53.754935,0.4969,0.5031
2026-08-30,50.512,49.488,46.35796707,54.65410029,45.34589971,53.64203293,0.5084,0.4916
2026-08-31,50.493,49.507,46.31305806,54.57199442,45.42800558,53.68694194,0.5005,0.4995
2026-09-01,50.4538,49.5462,46.41115337,54.59085723,45.40914277,53.58884663,0.4878,0.5122
2026-09-02,50.4636,49.5364,46.29579837,54.57535162,45.42464838,53.70420163,0.4904,0.5096
2026-09-03,50.3413,49.6587,46.22411321,54.45027586,45.54972414,53.77588679,0.4742,0.5258
2026-09-04,50.2821,49.7179,46.17373104,54.45574854,45.54425146,53.82626896,0.453,0.547
2026-09-05,50.3179,49.6821,46.16382043,54.46765302,45.53234698,53.83617957,0.4676,0.5324
2026-09-06,50.2663,49.7337,46.1175253,54.42132948,45.57867052,53.8824747,0.4588,0.5412
2026-09-07,50.3152,49.6848,46.28837686,54.43826054,45.56173946,53.71162314,0.4645,0.5355
2026-09-08,50.1122,49.8878,45.89806592,54.34080924,45.65919076,54.10193408,0.4403,0.5597
2026-09-09,50.1576,49.8424,45.91286794,54.38208241,45.61791759,54.08713206,0.4495,0.5505
2026-09-10,50.4338,49.5662,46.13398413,54.67360849,45.32639151,53.86601587,0.4925,0.5075
2026-09-11,50.5349,49.4651,46.25233679,54.73427571,45.26572429,53.74766321,0.511,0.489
2026-09-12,50.511925,49.488075,46.19831313,54.81325556,45.18674444,53.80168687,0.502225,0.497775
2026-09-13,50.62875,49.37125,46.35359219,54.86600326,45.13399674,53.64640781,0.522825,0.477175
2026-09-14,50.803175,49.196825,46.50596953,55.10363531,44.89636469,53.49403047,0.5487,0.4513
2026-09-15,50.8897,49.1103,46.57084776,55.19375117,44.80624883,53.42915224,0.562575,0.437425
2026-09-16,50.68317,49.31683,46.32389603,55.04430667,44.95569333,53.67610397,0.53031,0.46969
2026-09-17,50.70554,49.29446,46.36188478,55.05353687,44.94646313,53.63811522,0.53399,0.46601
2026-09-18,50.90026,49.09974,46.46256001,55.40892653,44.59107347,53.53743999,0.55698,0.44302
2026-09-19,50.89513,49.10487,46.46891489,55.34792642,44.65207358,53.53108511,0.55933,0.44067
2026-09-20,50.88119,49.11881,46.44321684,55.33535078,44.66464922,53.55678316,0.55735,0.44265
2026-09-21,50.9213,49.0787,46.5227294957693,55.3561658780979,44.6438341219021,53.4772705042307,0.56358,0.43642
2026-09-22,51.05764,48.94236,46.5849438233323,55.4727279232088,44.5272720767912,53.4150561766677,0.58343,0.41657
